frame,elapsed_percent,current_count,future_count,delta,incoming_raw,incoming,incoming_threshold,incoming_streak,confidence_percent,alert_score,risk_hint,prediction_mode,nn_pred,nn_ready,density_ratio,status
204,10.099,15,17,2,0,0,3,0,74.4,0.496,STABLE,NN_ONLY_DEMO,17,1,0.287555,SAFE
206,10.198,15,17,2,0,0,3,0,74.6,0.497,STABLE,NN_ONLY_DEMO,17,1,0.288067,SAFE
208,10.297,16,18,2,0,0,3,0,74.1,0.494,STABLE,NN_ONLY_DEMO,18,1,0.286386,SAFE
210,10.396,16,18,2,0,0,3,0,73.6,0.491,STABLE,NN_ONLY_DEMO,18,1,0.277955,SAFE
212,10.495,16,18,2,0,0,3,0,73.3,0.489,STABLE,NN_ONLY_DEMO,18,1,0.281350,SAFE
214,10.594,16,17,1,0,0,3,0,73.3,0.244,STABLE,NN_ONLY_DEMO,17,1,0.279953,SAFE
216,10.693,17,17,0,0,0,3,0,73.4,0.000,STABLE,NN_ONLY_DEMO,17,1,0.277768,SAFE
218,10.792,17,17,0,0,0,3,0,73.5,0.000,STABLE,NN_ONLY_DEMO,17,1,0.268039,SAFE
220,10.891,18,17,-1,0,0,3,0,73.9,-0.246,STABLE,NN_ONLY_DEMO,17,1,0.264743,SAFE
222,10.990,18,17,-1,0,0,3,0,74.2,-0.247,STABLE,NN_ONLY_DEMO,17,1,0.246633,SAFE
224,11.089,18,17,-1,0,0,3,0,74.6,-0.249,STABLE,NN_ONLY_DEMO,17,1,0.259731,SAFE
226,11.188,17,18,1,0,0,3,0,74.4,0.248,STABLE,NN_ONLY_DEMO,18,1,0.251401,SAFE
228,11.287,17,18,1,0,0,3,0,74.4,0.248,STABLE,NN_ONLY_DEMO,18,1,0.257437,SAFE
230,11.386,17,18,1,0,0,3,0,74.5,0.248,STABLE,NN_ONLY_DEMO,18,1,0.249049,SAFE
232,11.485,17,18,1,0,0,3,0,74.2,0.247,STABLE,NN_ONLY_DEMO,18,1,0.248652,SAFE
234,11.584,17,18,1,0,0,3,0,73.3,0.244,STABLE,NN_ONLY_DEMO,18,1,0.230628,SAFE
236,11.683,17,18,1,0,0,3,0,72.9,0.243,STABLE,NN_ONLY_DEMO,18,1,0.238191,SAFE
238,11.782,16,19,3,1,0,3,1,72.8,0.728,STABLE,NN_ONLY_DEMO,19,1,0.234411,SAFE
240,11.881,16,19,3,1,1,3,3,72.8,0.728,STABLE,NN_ONLY_DEMO,19,1,0.248925,SAFE
242,11.980,16,19,3,1,1,3,5,72.7,0.727,STABLE,NN_ONLY_DEMO,19,1,0.237757,SAFE
244,12.079,15,19,4,1,1,3,7,73.1,0.975,LIKELY_INCREASE,NN_ONLY_DEMO,19,1,0.255940,SAFE
246,12.178,16,19,3,1,1,3,9,74.1,0.741,STABLE,NN_ONLY_DEMO,19,1,0.244567,SAFE
248,12.277,15,19,4,1,1,3,11,74.1,0.988,LIKELY_INCREASE,NN_ONLY_DEMO,19,1,0.243825,SAFE
250,12.376,15,19,4,1,1,3,13,73.5,0.980,LIKELY_INCREASE,NN_ONLY_DEMO,19,1,0.233916,SAFE
252,12.475,15,19,4,1,1,3,15,73.0,0.973,LIKELY_INCREASE,NN_ONLY_DEMO,19,1,0.248237,SAFE
254,12.574,15,19,4,1,1,3,17,72.2,0.963,LIKELY_INCREASE,NN_ONLY_DEMO,19,1,0.244119,SAFE
256,12.673,14,20,6,1,1,3,19,71.9,1.438,LIKELY_INCREASE,NN_ONLY_DEMO,20,1,0.242416,SAFE
258,12.772,14,19,5,1,1,3,21,72.0,1.200,LIKELY_INCREASE,NN_ONLY_DEMO,19,1,0.243515,SAFE
260,12.871,14,19,5,1,1,3,23,71.8,1.197,LIKELY_INCREASE,NN_ONLY_DEMO,19,1,0.258851,SAFE
262,12.970,15,20,5,1,1,3,25,71.8,1.197,LIKELY_INCREASE,NN_ONLY_DEMO,20,1,0.256814,SAFE
264,13.069,15,19,4,1,1,3,27,71.8,0.957,LIKELY_INCREASE,NN_ONLY_DEMO,19,1,0.263218,SAFE
266,13.168,16,19,3,1,1,3,29,72.1,0.721,STABLE,NN_ONLY_DEMO,19,1,0.257504,SAFE
268,13.267,17,18,1,0,0,3,0,72.3,0.241,STABLE,NN_ONLY_DEMO,18,1,0.269919,SAFE
270,13.366,17,18,1,0,0,3,0,72.5,0.242,STABLE,NN_ONLY_DEMO,18,1,0.258165,SAFE
272,13.465,18,18,0,0,0,3,0,73.4,0.000,STABLE,NN_ONLY_DEMO,18,1,0.263757,SAFE
274,13.564,18,17,-1,0,0,3,0,73.4,-0.245,STABLE,NN_ONLY_DEMO,17,1,0.250870,SAFE
276,13.663,18,17,-1,0,0,3,0,73.2,-0.244,STABLE,NN_ONLY_DEMO,17,1,0.271523,SAFE
278,13.762,18,18,0,0,0,3,0,73.0,0.000,STABLE,NN_ONLY_DEMO,18,1,0.261805,SAFE
280,13.861,18,18,0,0,0,3,0,72.8,0.000,STABLE,NN_ONLY_DEMO,18,1,0.277125,SAFE
282,13.960,18,18,0,0,0,3,0,72.7,0.000,STABLE,NN_ONLY_DEMO,18,1,0.269215,SAFE
284,14.059,18,17,-1,0,0,3,0,72.9,-0.243,STABLE,NN_ONLY_DEMO,17,1,0.276706,SAFE
286,14.158,19,17,-2,0,0,3,0,73.2,-0.488,STABLE,NN_ONLY_DEMO,17,1,0.274867,SAFE
288,14.257,19,16,-3,0,0,3,0,73.7,-0.737,STABLE,NN_ONLY_DEMO,16,1,0.279531,SAFE
290,14.356,18,17,-1,0,0,3,0,73.5,-0.245,STABLE,NN_ONLY_DEMO,17,1,0.264113,SAFE
292,14.455,18,17,-1,0,0,3,0,73.3,-0.244,STABLE,NN_ONLY_DEMO,17,1,0.283081,SAFE
294,14.554,18,17,-1,0,0,3,0,72.5,-0.242,STABLE,NN_ONLY_DEMO,17,1,0.255427,SAFE
296,14.653,17,17,0,0,0,3,0,71.5,0.000,STABLE,NN_ONLY_DEMO,17,1,0.263726,SAFE
298,14.752,16,17,1,0,0,3,0,70.9,0.236,STABLE,NN_ONLY_DEMO,17,1,0.263652,SAFE
300,14.851,16,17,1,0,0,3,0,70.7,0.236,STABLE,NN_ONLY_DEMO,17,1,0.268703,SAFE
302,14.950,16,18,2,0,0,3,0,70.6,0.471,STABLE,NN_ONLY_DEMO,18,1,0.263926,SAFE
304,15.050,15,19,4,1,0,3,2,71.1,0.948,LIKELY_INCREASE,NN_ONLY_DEMO,19,1,0.270259,SAFE
306,15.149,16,18,2,0,0,3,0,72.2,0.481,STABLE,NN_ONLY_DEMO,18,1,0.262111,SAFE
308,15.248,16,18,2,0,0,3,0,72.0,0.480,STABLE,NN_ONLY_DEMO,18,1,0.280954,SAFE
310,15.347,16,18,2,0,0,3,0,71.9,0.479,STABLE,NN_ONLY_DEMO,18,1,0.272229,SAFE
312,15.446,16,18,2,0,0,3,0,72.0,0.480,STABLE,NN_ONLY_DEMO,18,1,0.280112,SAFE
314,15.545,16,18,2,0,0,3,0,72.4,0.483,STABLE,NN_ONLY_DEMO,18,1,0.279048,SAFE
316,15.644,16,17,1,0,0,3,0,72.8,0.243,STABLE,NN_ONLY_DEMO,17,1,0.282254,SAFE
318,15.743,16,17,1,0,0,3,0,72.7,0.242,STABLE,NN_ONLY_DEMO,17,1,0.266784,SAFE
320,15.842,16,17,1,0,0,3,0,72.6,0.242,STABLE,NN_ONLY_DEMO,17,1,0.282513,SAFE
322,15.941,16,17,1,0,0,3,0,72.8,0.243,STABLE,NN_ONLY_DEMO,17,1,0.269579,SAFE
324,16.040,15,18,3,1,0,3,1,72.7,0.727,STABLE,NN_ONLY_DEMO,18,1,0.259692,SAFE
326,16.139,15,18,3,1,1,3,3,72.6,0.726,STABLE,NN_ONLY_DEMO,18,1,0.250469,SAFE
328,16.238,14,18,4,1,1,3,5,72.7,0.969,LIKELY_INCREASE,NN_ONLY_DEMO,18,1,0.382639,SAFE
330,16.337,14,18,4,1,1,3,7,72.8,0.971,LIKELY_INCREASE,NN_ONLY_DEMO,18,1,0.399058,SAFE
332,16.436,13,17,4,1,1,3,9,72.6,0.968,LIKELY_INCREASE,NN_ONLY_DEMO,17,1,0.411199,SAFE
334,16.535,12,16,4,1,1,3,11,73.0,0.973,LIKELY_INCREASE,NN_ONLY_DEMO,16,1,0.433828,SAFE
336,16.634,12,16,4,1,1,3,13,72.8,0.971,LIKELY_INCREASE,NN_ONLY_DEMO,16,1,0.470072,SAFE
338,16.733,12,15,3,1,1,3,15,72.8,0.728,STABLE,NN_ONLY_DEMO,15,1,0.451834,SAFE
340,16.832,13,15,2,0,0,3,0,72.3,0.482,STABLE,NN_ONLY_DEMO,15,1,0.418768,SAFE
342,16.931,13,13,0,0,0,3,0,71.8,0.000,STABLE,NN_ONLY_DEMO,13,1,0.409289,SAFE
344,17.030,14,12,-2,0,0,3,0,72.3,-0.482,STABLE,NN_ONLY_DEMO,12,1,0.374471,SAFE
346,17.129,14,13,-1,0,0,3,0,73.7,-0.246,STABLE,NN_ONLY_DEMO,13,1,0.545315,SAFE
348,17.228,14,12,-2,0,0,3,0,72.9,-0.486,STABLE,NN_ONLY_DEMO,12,1,0.350560,SAFE
350,17.327,13,14,1,0,0,3,0,71.7,0.239,STABLE,NN_ONLY_DEMO,14,1,0.319486,SAFE
352,17.426,13,15,2,0,0,3,0,71.3,0.475,STABLE,NN_ONLY_DEMO,15,1,0.305546,SAFE
354,17.525,13,16,3,1,0,3,1,71.0,0.710,STABLE,NN_ONLY_DEMO,16,1,0.299508,SAFE
356,17.624,14,18,4,1,1,3,3,70.7,0.943,LIKELY_INCREASE,NN_ONLY_DEMO,18,1,0.316084,SAFE
358,17.723,14,17,3,1,1,3,5,70.4,0.704,STABLE,NN_ONLY_DEMO,17,1,0.317107,SAFE
360,17.822,16,16,0,0,0,3,0,71.0,0.000,STABLE,NN_ONLY_DEMO,16,1,0.384081,SAFE
362,17.921,16,15,-1,0,0,3,0,73.1,-0.244,STABLE,NN_ONLY_DEMO,15,1,0.309050,SAFE
364,18.020,16,15,-1,0,0,3,0,74.3,-0.248,STABLE,NN_ONLY_DEMO,15,1,0.301714,SAFE
366,18.119,16,15,-1,0,0,3,0,73.1,-0.244,STABLE,NN_ONLY_DEMO,15,1,0.273368,SAFE
368,18.218,15,16,1,0,0,3,0,72.2,0.241,STABLE,NN_ONLY_DEMO,16,1,0.248034,SAFE
370,18.317,15,17,2,0,0,3,0,71.6,0.477,STABLE,NN_ONLY_DEMO,17,1,0.237745,SAFE
372,18.416,14,19,5,1,0,3,2,71.7,1.195,LIKELY_INCREASE,NN_ONLY_DEMO,19,1,0.269385,SAFE
374,18.515,13,19,6,1,1,3,4,71.3,1.426,LIKELY_INCREASE,NN_ONLY_DEMO,19,1,0.324085,SAFE
376,18.614,13,19,6,1,1,3,6,70.8,1.416,LIKELY_INCREASE,NN_ONLY_DEMO,19,1,0.402060,SAFE
378,18.713,12,18,6,1,1,3,8,71.1,1.422,LIKELY_INCREASE,NN_ONLY_DEMO,18,1,0.336117,SAFE
380,18.812,12,17,5,1,1,3,10,71.1,1.185,LIKELY_INCREASE,NN_ONLY_DEMO,17,1,0.317648,SAFE
382,18.911,12,17,5,1,1,3,12,71.4,1.190,LIKELY_INCREASE,NN_ONLY_DEMO,17,1,0.297925,SAFE
384,19.010,12,17,5,1,1,3,14,71.9,1.198,LIKELY_INCREASE,NN_ONLY_DEMO,17,1,0.324120,SAFE
386,19.109,12,18,6,1,1,3,16,72.9,1.458,LIKELY_INCREASE,NN_ONLY_DEMO,18,1,0.294814,SAFE
388,19.208,12,18,6,1,1,3,18,73.0,1.460,LIKELY_INCREASE,NN_ONLY_DEMO,18,1,0.354762,SAFE
390,19.307,12,17,5,1,1,3,20,72.8,1.213,LIKELY_INCREASE,NN_ONLY_DEMO,17,1,0.322737,SAFE
392,19.406,12,18,6,1,1,3,22,72.5,1.450,LIKELY_INCREASE,NN_ONLY_DEMO,18,1,0.368647,SAFE
394,19.505,13,17,4,1,1,3,24,72.2,0.963,LIKELY_INCREASE,NN_ONLY_DEMO,17,1,0.327892,SAFE
396,19.604,13,17,4,1,1,3,26,71.8,0.957,LIKELY_INCREASE,NN_ONLY_DEMO,17,1,0.358530,SAFE
398,19.703,13,16,3,1,1,3,28,72.0,0.720,STABLE,NN_ONLY_DEMO,16,1,0.270650,SAFE
400,19.802,14,16,2,0,0,3,0,72.0,0.480,STABLE,NN_ONLY_DEMO,16,1,0.241553,SAFE
402,19.901,14,18,4,1,0,3,2,72.0,0.960,LIKELY_INCREASE,NN_ONLY_DEMO,18,1,0.241329,SAFE
404,20.000,15,18,3,1,1,3,4,72.7,0.727,STABLE,NN_ONLY_DEMO,18,1,0.258023,SAFE
406,20.099,15,19,4,1,1,3,6,72.7,0.969,LIKELY_INCREASE,NN_ONLY_DEMO,19,1,0.239094,SAFE
408,20.198,14,19,5,1,1,3,8,72.5,1.208,LIKELY_INCREASE,NN_ONLY_DEMO,19,1,0.295709,SAFE
410,20.297,14,18,4,1,1,3,10,71.8,0.957,LIKELY_INCREASE,NN_ONLY_DEMO,18,1,0.235957,SAFE
412,20.396,13,19,6,1,1,3,12,71.3,1.426,LIKELY_INCREASE,NN_ONLY_DEMO,19,1,0.250803,SAFE
414,20.495,12,20,8,1,1,3,14,71.8,1.915,STRONG_INCREASE,NN_ONLY_DEMO,20,1,0.208712,SAFE
416,20.594,12,21,9,1,1,3,16,73.1,2.193,STRONG_INCREASE,NN_ONLY_DEMO,21,1,0.248265,SAFE
418,20.693,12,21,9,1,1,3,18,73.9,2.217,STRONG_INCREASE,NN_ONLY_DEMO,21,1,0.208392,SAFE
420,20.792,11,22,11,1,1,3,20,73.5,2.695,STRONG_INCREASE,NN_ONLY_DEMO,22,1,0.324457,SAFE
422,20.891,12,21,9,1,1,3,22,73.5,2.205,STRONG_INCREASE,NN_ONLY_DEMO,21,1,0.317381,SAFE
424,20.990,12,20,8,1,1,3,24,71.8,1.915,STRONG_INCREASE,NN_ONLY_DEMO,20,1,0.341641,SAFE
426,21.089,13,18,5,1,1,3,26,71.0,1.183,LIKELY_INCREASE,NN_ONLY_DEMO,18,1,0.291875,SAFE
428,21.188,13,17,4,1,1,3,28,71.3,0.951,LIKELY_INCREASE,NN_ONLY_DEMO,17,1,0.277382,SAFE
430,21.287,13,17,4,1,1,3,30,71.9,0.959,LIKELY_INCREASE,NN_ONLY_DEMO,17,1,0.246720,SAFE
432,21.386,13,18,5,1,1,3,32,72.7,1.212,LIKELY_INCREASE,NN_ONLY_DEMO,18,1,0.270965,SAFE
434,21.485,13,19,6,1,1,3,34,72.7,1.454,LIKELY_INCREASE,NN_ONLY_DEMO,19,1,0.306175,SAFE
436,21.584,13,19,6,1,1,3,36,73.1,1.462,LIKELY_INCREASE,NN_ONLY_DEMO,19,1,0.398443,SAFE
438,21.683,13,17,4,1,1,3,38,73.4,0.979,LIKELY_INCREASE,NN_ONLY_DEMO,17,1,0.347191,SAFE
440,21.782,13,17,4,1,1,3,40,73.1,0.975,LIKELY_INCREASE,NN_ONLY_DEMO,17,1,0.376678,SAFE
442,21.881,13,15,2,0,0,3,0,72.6,0.484,STABLE,NN_ONLY_DEMO,15,1,0.277887,SAFE
444,21.980,13,16,3,1,0,3,1,71.7,0.717,STABLE,NN_ONLY_DEMO,16,1,0.254691,SAFE
446,22.079,13,17,4,1,1,3,3,70.7,0.943,LIKELY_INCREASE,NN_ONLY_DEMO,17,1,0.246366,SAFE
448,22.178,13,19,6,1,1,3,5,70.2,1.404,LIKELY_INCREASE,NN_ONLY_DEMO,19,1,0.256211,SAFE
450,22.277,13,19,6,1,1,3,7,69.8,1.396,LIKELY_INCREASE,NN_ONLY_DEMO,19,1,0.241769,SAFE
452,22.376,13,20,7,1,1,3,9,69.4,1.619,LIKELY_INCREASE,NN_ONLY_DEMO,20,1,0.308511,SAFE
454,22.475,12,20,8,1,1,3,11,69.4,1.851,LIKELY_INCREASE,NN_ONLY_DEMO,20,1,0.234983,SAFE
456,22.574,12,20,8,1,1,3,13,69.8,1.861,LIKELY_INCREASE,NN_ONLY_DEMO,20,1,0.231676,SAFE
458,22.673,13,20,7,1,1,3,15,70.7,1.650,LIKELY_INCREASE,NN_ONLY_DEMO,20,1,0.169092,SAFE
460,22.772,13,20,7,1,1,3,17,70.9,1.654,LIKELY_INCREASE,NN_ONLY_DEMO,20,1,0.177322,SAFE
462,22.871,14,21,7,1,1,3,19,71.3,1.664,LIKELY_INCREASE,NN_ONLY_DEMO,21,1,0.164739,SAFE
464,22.970,14,22,8,1,1,3,21,72.4,1.931,STRONG_INCREASE,NN_ONLY_DEMO,22,1,0.144697,SAFE
466,23.069,14,22,8,1,1,3,23,73.1,1.949,STRONG_INCREASE,NN_ONLY_DEMO,22,1,0.145234,SAFE
468,23.168,14,22,8,1,1,3,25,73.8,1.968,STRONG_INCREASE,NN_ONLY_DEMO,22,1,0.148913,SAFE
470,23.267,14,23,9,1,1,3,27,73.6,2.208,STRONG_INCREASE,NN_ONLY_DEMO,23,1,0.145224,SAFE
472,23.366,14,23,9,1,1,3,29,73.8,2.214,STRONG_INCREASE,NN_ONLY_DEMO,23,1,0.142981,SAFE
474,23.465,13,23,10,1,1,3,31,73.7,2.457,STRONG_INCREASE,NN_ONLY_DEMO,23,1,0.144551,SAFE
476,23.564,13,23,10,1,1,3,33,73.1,2.437,STRONG_INCREASE,NN_ONLY_DEMO,23,1,0.154213,SAFE
478,23.663,13,23,10,1,1,3,35,72.7,2.423,STRONG_INCREASE,NN_ONLY_DEMO,23,1,0.141498,SAFE
480,23.762,12,24,12,1,1,3,37,72.7,2.908,STRONG_INCREASE,NN_ONLY_DEMO,24,1,0.145387,SAFE
482,23.861,12,24,12,1,1,3,39,72.7,2.908,STRONG_INCREASE,NN_ONLY_DEMO,24,1,0.141423,SAFE
484,23.960,12,24,12,1,1,3,41,72.3,2.892,STRONG_INCREASE,NN_ONLY_DEMO,24,1,0.160455,SAFE
486,24.059,12,24,12,1,1,3,43,72.0,2.880,STRONG_INCREASE,NN_ONLY_DEMO,24,1,0.124230,SAFE
488,24.158,11,25,14,1,1,3,45,72.2,3.369,STRONG_INCREASE,NN_ONLY_DEMO,25,1,0.134560,SAFE
490,24.257,11,25,14,1,1,3,47,73.0,3.407,STRONG_INCREASE,NN_ONLY_DEMO,25,1,0.139390,SAFE
492,24.356,11,25,14,1,1,3,49,73.0,3.407,STRONG_INCREASE,NN_ONLY_DEMO,25,1,0.156561,SAFE
494,24.455,11,25,14,1,1,3,51,73.0,3.407,STRONG_INCREASE,NN_ONLY_DEMO,25,1,0.159108,SAFE
496,24.554,11,25,14,1,1,3,53,73.0,3.407,STRONG_INCREASE,NN_ONLY_DEMO,25,1,0.196417,SAFE
498,24.653,11,24,13,1,1,3,55,73.2,3.172,STRONG_INCREASE,NN_ONLY_DEMO,24,1,0.172019,SAFE
500,24.752,12,24,12,1,1,3,57,72.7,2.908,STRONG_INCREASE,NN_ONLY_DEMO,24,1,0.179611,SAFE
502,24.851,12,23,11,1,1,3,59,72.4,2.655,STRONG_INCREASE,NN_ONLY_DEMO,23,1,0.167463,SAFE
504,24.950,12,23,11,1,1,3,61,72.5,2.658,STRONG_INCREASE,NN_ONLY_DEMO,23,1,0.165219,SAFE
506,25.050,13,23,10,1,1,3,63,73.0,2.433,STRONG_INCREASE,NN_ONLY_DEMO,23,1,0.152155,SAFE
508,25.149,13,23,10,1,1,3,65,73.8,2.460,STRONG_INCREASE,NN_ONLY_DEMO,23,1,0.164698,SAFE
510,25.248,13,23,10,1,1,3,67,74.1,2.470,STRONG_INCREASE,NN_ONLY_DEMO,23,1,0.163917,SAFE
512,25.347,13,23,10,1,1,3,69,74.7,2.490,STRONG_INCREASE,NN_ONLY_DEMO,23,1,0.166819,SAFE
514,25.446,13,22,9,1,1,3,71,74.9,2.247,STRONG_INCREASE,NN_ONLY_DEMO,22,1,0.139039,SAFE
516,25.545,13,23,10,1,1,3,73,75.3,2.510,STRONG_INCREASE,NN_ONLY_DEMO,23,1,0.133205,SAFE
518,25.644,13,23,10,1,1,3,75,74.9,2.497,STRONG_INCREASE,NN_ONLY_DEMO,23,1,0.126238,SAFE
520,25.743,13,24,11,1,1,3,77,74.7,2.739,STRONG_INCREASE,NN_ONLY_DEMO,24,1,0.136894,SAFE
522,25.842,13,24,11,1,1,3,79,74.1,2.717,STRONG_INCREASE,NN_ONLY_DEMO,24,1,0.132563,SAFE
524,25.941,12,24,12,1,1,3,81,74.0,2.960,STRONG_INCREASE,NN_ONLY_DEMO,24,1,0.134585,SAFE
526,26.040,12,24,12,1,1,3,83,74.4,2.976,STRONG_INCREASE,NN_ONLY_DEMO,24,1,0.141739,SAFE
528,26.139,12,24,12,1,1,3,85,74.5,2.980,STRONG_INCREASE,NN_ONLY_DEMO,24,1,0.154328,SAFE
530,26.238,12,24,12,1,1,3,87,74.5,2.980,STRONG_INCREASE,NN_ONLY_DEMO,24,1,0.160451,SAFE
532,26.337,12,24,12,1,1,3,89,74.1,2.964,STRONG_INCREASE,NN_ONLY_DEMO,24,1,0.173555,SAFE
534,26.436,12,23,11,1,1,3,91,73.3,2.688,STRONG_INCREASE,NN_ONLY_DEMO,23,1,0.162326,SAFE
536,26.535,12,23,11,1,1,3,93,72.7,2.666,STRONG_INCREASE,NN_ONLY_DEMO,23,1,0.184251,SAFE
538,26.634,12,23,11,1,1,3,95,72.6,2.662,STRONG_INCREASE,NN_ONLY_DEMO,23,1,0.159692,SAFE
540,26.733,12,23,11,1,1,3,97,72.6,2.662,STRONG_INCREASE,NN_ONLY_DEMO,23,1,0.170220,SAFE
542,26.832,12,23,11,1,1,3,99,72.6,2.662,STRONG_INCREASE,NN_ONLY_DEMO,23,1,0.146364,SAFE
544,26.931,12,24,12,1,1,3,101,72.6,2.904,STRONG_INCREASE,NN_ONLY_DEMO,24,1,0.170917,SAFE
546,27.030,12,23,11,1,1,3,103,73.1,2.680,STRONG_INCREASE,NN_ONLY_DEMO,23,1,0.166666,SAFE
548,27.129,13,23,10,1,1,3,105,73.8,2.460,STRONG_INCREASE,NN_ONLY_DEMO,23,1,0.182923,SAFE
550,27.228,13,22,9,1,1,3,107,74.0,2.220,STRONG_INCREASE,NN_ONLY_DEMO,22,1,0.182072,SAFE
552,27.327,13,22,9,1,1,3,109,73.0,2.190,STRONG_INCREASE,NN_ONLY_DEMO,22,1,0.199198,SAFE
554,27.426,14,22,8,1,1,3,111,72.6,1.936,STRONG_INCREASE,NN_ONLY_DEMO,22,1,0.216917,SAFE
556,27.525,14,21,7,1,1,3,113,72.8,1.699,LIKELY_INCREASE,NN_ONLY_DEMO,21,1,0.228253,SAFE
558,27.624,14,20,6,1,1,3,115,73.0,1.460,LIKELY_INCREASE,NN_ONLY_DEMO,20,1,0.269124,SAFE
560,27.723,14,19,5,1,1,3,117,73.3,1.222,LIKELY_INCREASE,NN_ONLY_DEMO,19,1,0.272389,SAFE
562,27.822,14,19,5,1,1,3,119,73.6,1.227,LIKELY_INCREASE,NN_ONLY_DEMO,19,1,0.276880,SAFE
564,27.921,14,18,4,1,1,3,121,74.4,0.992,LIKELY_INCREASE,NN_ONLY_DEMO,18,1,0.313091,SAFE
566,28.020,13,17,4,1,1,3,123,74.2,0.989,LIKELY_INCREASE,NN_ONLY_DEMO,17,1,0.282790,SAFE
568,28.119,13,18,5,1,1,3,125,73.6,1.227,LIKELY_INCREASE,NN_ONLY_DEMO,18,1,0.289520,SAFE
570,28.218,13,17,4,1,1,3,127,73.4,0.979,LIKELY_INCREASE,NN_ONLY_DEMO,17,1,0.260120,SAFE
572,28.317,13,18,5,1,1,3,129,73.0,1.217,LIKELY_INCREASE,NN_ONLY_DEMO,18,1,0.294130,SAFE
574,28.416,13,18,5,1,1,3,131,72.3,1.205,LIKELY_INCREASE,NN_ONLY_DEMO,18,1,0.251080,SAFE
576,28.515,13,19,6,1,1,3,133,71.0,1.420,LIKELY_INCREASE,NN_ONLY_DEMO,19,1,0.310587,SAFE
578,28.614,14,18,4,1,1,3,135,70.3,0.937,LIKELY_INCREASE,NN_ONLY_DEMO,18,1,0.261876,SAFE
580,28.713,14,18,4,1,1,3,137,69.8,0.931,LIKELY_INCREASE,NN_ONLY_DEMO,18,1,0.349124,SAFE
582,28.812,14,17,3,1,1,3,139,69.5,0.695,STABLE,NN_ONLY_DEMO,17,1,0.274273,SAFE
584,28.911,14,17,3,1,0,3,1,69.5,0.695,STABLE,NN_ONLY_DEMO,17,1,0.328237,SAFE
586,29.010,14,17,3,1,1,3,3,69.8,0.698,STABLE,NN_ONLY_DEMO,17,1,0.285122,SAFE
588,29.109,14,16,2,0,0,3,0,70.4,0.469,STABLE,NN_ONLY_DEMO,16,1,0.362593,SAFE
590,29.208,13,17,4,1,0,3,2,70.7,0.943,LIKELY_INCREASE,NN_ONLY_DEMO,17,1,0.249327,SAFE
592,29.307,12,18,6,1,1,3,4,71.0,1.420,LIKELY_INCREASE,NN_ONLY_DEMO,18,1,0.262610,SAFE
594,29.406,12,18,6,1,1,3,6,71.9,1.438,LIKELY_INCREASE,NN_ONLY_DEMO,18,1,0.257704,SAFE
596,29.505,12,19,7,1,1,3,8,71.5,1.668,LIKELY_INCREASE,NN_ONLY_DEMO,19,1,0.269305,SAFE
598,29.604,12,20,8,1,1,3,10,71.5,1.907,STRONG_INCREASE,NN_ONLY_DEMO,20,1,0.272905,SAFE
600,29.703,12,19,7,1,1,3,12,71.7,1.673,LIKELY_INCREASE,NN_ONLY_DEMO,19,1,0.275843,SAFE
602,29.802,12,19,7,1,1,3,14,72.1,1.682,LIKELY_INCREASE,NN_ONLY_DEMO,19,1,0.294330,SAFE
604,29.901,12,19,7,1,1,3,16,71.6,1.671,LIKELY_INCREASE,NN_ONLY_DEMO,19,1,0.332619,SAFE
606,30.000,12,18,6,1,1,3,18,71.5,1.430,LIKELY_INCREASE,NN_ONLY_DEMO,18,1,0.297669,SAFE
608,30.099,12,18,6,1,1,3,20,72.1,1.442,LIKELY_INCREASE,NN_ONLY_DEMO,18,1,0.371530,SAFE
610,30.198,12,17,5,1,1,3,22,72.5,1.208,LIKELY_INCREASE,NN_ONLY_DEMO,17,1,0.282819,SAFE
612,30.297,12,17,5,1,1,3,24,72.4,1.207,LIKELY_INCREASE,NN_ONLY_DEMO,17,1,0.292526,SAFE
614,30.396,12,17,5,1,1,3,26,72.6,1.210,LIKELY_INCREASE,NN_ONLY_DEMO,17,1,0.326511,SAFE
616,30.495,12,18,6,1,1,3,28,73.4,1.468,LIKELY_INCREASE,NN_ONLY_DEMO,18,1,0.298512,SAFE
618,30.594,12,18,6,1,1,3,30,74.1,1.482,LIKELY_INCREASE,NN_ONLY_DEMO,18,1,0.363240,SAFE
620,30.693,12,17,5,1,1,3,32,73.8,1.230,LIKELY_INCREASE,NN_ONLY_DEMO,17,1,0.395260,SAFE
622,30.792,12,17,5,1,1,3,34,73.7,1.228,LIKELY_INCREASE,NN_ONLY_DEMO,17,1,0.295165,SAFE
624,30.891,12,17,5,1,1,3,36,73.3,1.222,LIKELY_INCREASE,NN_ONLY_DEMO,17,1,0.309211,SAFE
626,30.990,12,16,4,1,1,3,38,73.0,0.973,LIKELY_INCREASE,NN_ONLY_DEMO,16,1,0.229957,SAFE
628,31.089,12,18,6,1,1,3,40,73.1,1.462,LIKELY_INCREASE,NN_ONLY_DEMO,18,1,0.232950,SAFE
630,31.188,12,19,7,1,1,3,42,72.8,1.699,LIKELY_INCREASE,NN_ONLY_DEMO,19,1,0.145181,SAFE
632,31.287,12,21,9,1,1,3,44,72.5,2.175,STRONG_INCREASE,NN_ONLY_DEMO,21,1,0.119566,SAFE
634,31.386,12,23,11,1,1,3,46,72.6,2.662,STRONG_INCREASE,NN_ONLY_DEMO,23,1,0.131224,SAFE
636,31.485,12,24,12,1,1,3,48,72.6,2.904,STRONG_INCREASE,NN_ONLY_DEMO,24,1,0.130612,SAFE
638,31.584,12,24,12,1,1,3,50,72.6,2.904,STRONG_INCREASE,NN_ONLY_DEMO,24,1,0.098124,SAFE
640,31.683,12,25,13,1,1,3,52,72.6,3.146,STRONG_INCREASE,NN_ONLY_DEMO,25,1,0.126432,SAFE
642,31.782,12,24,12,1,1,3,54,73.1,2.924,STRONG_INCREASE,NN_ONLY_DEMO,24,1,0.122597,SAFE
644,31.881,12,25,13,1,1,3,56,73.1,3.168,STRONG_INCREASE,NN_ONLY_DEMO,25,1,0.135208,SAFE
646,31.980,12,24,12,1,1,3,58,72.6,2.904,STRONG_INCREASE,NN_ONLY_DEMO,24,1,0.101838,SAFE
648,32.079,12,25,13,1,1,3,60,72.6,3.146,STRONG_INCREASE,NN_ONLY_DEMO,25,1,0.106108,SAFE
650,32.178,12,25,13,1,1,3,62,72.7,3.150,STRONG_INCREASE,NN_ONLY_DEMO,25,1,0.099220,SAFE
652,32.277,11,25,14,1,1,3,64,72.5,3.383,STRONG_INCREASE,NN_ONLY_DEMO,25,1,0.104764,SAFE
654,32.376,11,26,15,1,1,3,66,72.3,3.615,STRONG_INCREASE,NN_ONLY_DEMO,26,1,0.105876,SAFE
656,32.475,11,26,15,1,1,3,68,73.0,3.650,STRONG_INCREASE,NN_ONLY_DEMO,26,1,0.108533,SAFE
658,32.574,10,26,16,1,1,3,70,74.3,3.963,STRONG_INCREASE,NN_ONLY_DEMO,26,1,0.105941,SAFE
660,32.673,10,26,16,1,1,3,72,73.7,3.931,STRONG_INCREASE,NN_ONLY_DEMO,26,1,0.105698,SAFE
662,32.772,10,26,16,1,1,3,74,72.8,3.883,STRONG_INCREASE,NN_ONLY_DEMO,26,1,0.099831,SAFE
664,32.871,9,27,18,1,1,3,76,72.1,4.326,STRONG_INCREASE,NN_ONLY_DEMO,27,1,0.109504,SAFE
666,32.970,9,27,18,1,1,3,78,72.1,4.326,STRONG_INCREASE,NN_ONLY_DEMO,27,1,0.104298,SAFE
668,33.069,8,27,19,1,1,3,80,72.6,4.598,STRONG_INCREASE,NN_ONLY_DEMO,27,1,0.110303,SAFE
670,33.168,9,27,18,1,1,3,82,73.0,4.380,STRONG_INCREASE,NN_ONLY_DEMO,27,1,0.105987,SAFE
672,33.267,9,27,18,1,1,3,84,72.1,4.326,STRONG_INCREASE,NN_ONLY_DEMO,27,1,0.105897,SAFE
674,33.366,10,27,17,1,1,3,86,71.8,4.069,STRONG_INCREASE,NN_ONLY_DEMO,27,1,0.105393,SAFE
676,33.465,10,26,16,1,1,3,88,72.0,3.840,STRONG_INCREASE,NN_ONLY_DEMO,26,1,0.122573,SAFE
678,33.564,11,26,15,1,1,3,90,72.9,3.645,STRONG_INCREASE,NN_ONLY_DEMO,26,1,0.126368,SAFE
680,33.663,11,25,14,1,1,3,92,73.8,3.444,STRONG_INCREASE,NN_ONLY_DEMO,25,1,0.142415,SAFE
682,33.762,11,25,14,1,1,3,94,73.9,3.449,STRONG_INCREASE,NN_ONLY_DEMO,25,1,0.179141,SAFE
684,33.861,12,24,12,1,1,3,96,73.8,2.952,STRONG_INCREASE,NN_ONLY_DEMO,24,1,0.191763,SAFE
686,33.960,12,23,11,1,1,3,98,74.0,2.713,STRONG_INCREASE,NN_ONLY_DEMO,23,1,0.191652,SAFE
688,34.059,12,22,10,1,1,3,100,74.4,2.480,STRONG_INCREASE,NN_ONLY_DEMO,22,1,0.213527,SAFE
690,34.158,12,21,9,1,1,3,102,74.0,2.220,STRONG_INCREASE,NN_ONLY_DEMO,21,1,0.230808,SAFE
692,34.257,12,21,9,1,1,3,104,73.6,2.208,STRONG_INCREASE,NN_ONLY_DEMO,21,1,0.247052,SAFE
694,34.356,12,21,9,1,1,3,106,73.6,2.208,STRONG_INCREASE,NN_ONLY_DEMO,21,1,0.235308,SAFE
696,34.455,11,20,9,1,1,3,108,73.5,2.205,STRONG_INCREASE,NN_ONLY_DEMO,20,1,0.239164,SAFE
698,34.554,11,21,10,1,1,3,110,73.2,2.440,STRONG_INCREASE,NN_ONLY_DEMO,21,1,0.248840,SAFE
700,34.653,12,20,8,1,1,3,112,71.9,1.917,STRONG_INCREASE,NN_ONLY_DEMO,20,1,0.257659,SAFE
702,34.752,12,19,7,1,1,3,114,71.6,1.671,LIKELY_INCREASE,NN_ONLY_DEMO,19,1,0.251052,SAFE
704,34.851,13,20,7,1,1,3,116,71.9,1.678,LIKELY_INCREASE,NN_ONLY_DEMO,20,1,0.327861,SAFE
706,34.950,13,18,5,1,1,3,118,71.8,1.197,LIKELY_INCREASE,NN_ONLY_DEMO,18,1,0.310381,SAFE
708,35.050,13,17,4,1,1,3,120,72.3,0.964,LIKELY_INCREASE,NN_ONLY_DEMO,17,1,0.376475,SAFE
710,35.149,13,16,3,1,1,3,122,73.1,0.731,STABLE,NN_ONLY_DEMO,16,1,0.322833,SAFE
712,35.248,14,15,1,0,0,3,0,73.1,0.244,STABLE,NN_ONLY_DEMO,15,1,0.320709,SAFE
714,35.347,14,15,1,0,0,3,0,73.2,0.244,STABLE,NN_ONLY_DEMO,15,1,0.335143,SAFE
716,35.446,14,15,1,0,0,3,0,73.2,0.244,STABLE,NN_ONLY_DEMO,15,1,0.331737,SAFE
718,35.545,15,15,0,0,0,3,0,73.5,0.000,STABLE,NN_ONLY_DEMO,15,1,0.327571,SAFE
720,35.644,15,14,-1,0,0,3,0,74.2,-0.247,STABLE,NN_ONLY_DEMO,14,1,0.375779,SAFE
722,35.743,15,14,-1,0,0,3,0,74.5,-0.248,STABLE,NN_ONLY_DEMO,14,1,0.346528,SAFE
724,35.842,15,14,-1,0,0,3,0,74.9,-0.250,STABLE,NN_ONLY_DEMO,14,1,0.350875,SAFE
726,35.941,15,13,-2,0,0,3,0,74.3,-0.495,STABLE,NN_ONLY_DEMO,13,1,0.323015,SAFE
728,36.040,14,14,0,0,0,3,0,74.0,0.000,STABLE,NN_ONLY_DEMO,14,1,0.411702,SAFE
730,36.139,14,14,0,0,0,3,0,73.9,0.000,STABLE,NN_ONLY_DEMO,14,1,0.307195,SAFE
732,36.238,14,15,1,0,0,3,0,74.2,0.247,STABLE,NN_ONLY_DEMO,15,1,0.384792,SAFE
734,36.337,14,14,0,0,0,3,0,74.8,0.000,STABLE,NN_ONLY_DEMO,14,1,0.368854,SAFE
736,36.436,14,14,0,0,0,3,0,74.9,0.000,STABLE,NN_ONLY_DEMO,14,1,0.314308,SAFE
738,36.535,14,15,1,0,0,3,0,75.2,0.251,STABLE,NN_ONLY_DEMO,15,1,0.305279,SAFE
740,36.634,14,15,1,0,0,3,0,74.3,0.248,STABLE,NN_ONLY_DEMO,15,1,0.355587,SAFE
742,36.733,14,15,1,0,0,3,0,73.8,0.246,STABLE,NN_ONLY_DEMO,15,1,0.337270,SAFE
744,36.832,14,15,1,0,0,3,0,73.9,0.246,STABLE,NN_ONLY_DEMO,15,1,0.292148,SAFE
746,36.931,14,15,1,0,0,3,0,73.5,0.245,STABLE,NN_ONLY_DEMO,15,1,0.205281,SAFE
748,37.030,14,16,2,0,0,3,0,73.2,0.488,STABLE,NN_ONLY_DEMO,16,1,0.238011,SAFE
750,37.129,14,18,4,1,0,3,2,73.0,0.973,LIKELY_INCREASE,NN_ONLY_DEMO,18,1,0.145138,SAFE
752,37.228,13,20,7,1,1,3,4,73.1,1.706,LIKELY_INCREASE,NN_ONLY_DEMO,20,1,0.157685,SAFE
754,37.327,13,21,8,1,1,3,6,73.3,1.955,STRONG_INCREASE,NN_ONLY_DEMO,21,1,0.122810,SAFE
756,37.426,13,22,9,1,1,3,8,72.6,2.178,STRONG_INCREASE,NN_ONLY_DEMO,22,1,0.131899,SAFE
758,37.525,14,23,9,1,1,3,10,72.3,2.169,STRONG_INCREASE,NN_ONLY_DEMO,23,1,0.141971,SAFE
760,37.624,14,23,9,1,1,3,12,72.0,2.160,STRONG_INCREASE,NN_ONLY_DEMO,23,1,0.189073,SAFE
762,37.723,15,22,7,1,1,3,14,72.1,1.682,LIKELY_INCREASE,NN_ONLY_DEMO,22,1,0.155707,SAFE
764,37.822,15,21,6,1,1,3,16,72.6,1.452,LIKELY_INCREASE,NN_ONLY_DEMO,21,1,0.176641,SAFE
766,37.921,15,21,6,1,1,3,18,72.9,1.458,LIKELY_INCREASE,NN_ONLY_DEMO,21,1,0.123765,SAFE
768,38.020,15,21,6,1,1,3,20,73.2,1.464,LIKELY_INCREASE,NN_ONLY_DEMO,21,1,0.124469,SAFE
770,38.119,15,22,7,1,1,3,22,73.2,1.708,LIKELY_INCREASE,NN_ONLY_DEMO,22,1,0.104871,SAFE
772,38.218,14,22,8,1,1,3,24,73.5,1.960,STRONG_INCREASE,NN_ONLY_DEMO,22,1,0.119263,SAFE
774,38.317,13,23,10,1,1,3,26,71.2,2.373,STRONG_INCREASE,NN_ONLY_DEMO,23,1,0.240257,SAFE
776,38.416,12,23,11,1,1,3,28,69.5,2.548,LIKELY_INCREASE,NN_ONLY_DEMO,23,1,0.368672,SAFE
778,38.515,12,21,9,1,1,3,30,69.7,2.091,LIKELY_INCREASE,NN_ONLY_DEMO,21,1,0.347875,SAFE
780,38.614,11,19,8,1,1,3,32,69.6,1.856,LIKELY_INCREASE,NN_ONLY_DEMO,19,1,0.382874,SAFE
782,38.713,11,18,7,1,1,3,34,70.0,1.633,LIKELY_INCREASE,NN_ONLY_DEMO,18,1,0.384630,SAFE
784,38.812,10,16,6,1,1,3,36,71.3,1.426,LIKELY_INCREASE,NN_ONLY_DEMO,16,1,0.390422,SAFE
786,38.911,11,16,5,1,1,3,38,73.5,1.225,LIKELY_INCREASE,NN_ONLY_DEMO,16,1,0.408023,SAFE
788,39.010,11,15,4,1,1,3,40,75.3,1.004,LIKELY_INCREASE,NN_ONLY_DEMO,15,1,0.413681,SAFE
790,39.109,11,15,4,1,1,3,42,74.9,0.999,LIKELY_INCREASE,NN_ONLY_DEMO,15,1,0.439913,SAFE
792,39.208,11,14,3,1,1,3,44,73.9,0.739,STABLE,NN_ONLY_DEMO,14,1,0.466183,SAFE
794,39.307,12,13,1,0,0,3,0,73.8,0.246,STABLE,NN_ONLY_DEMO,13,1,0.463314,SAFE
796,39.406,12,13,1,0,0,3,0,74.1,0.247,STABLE,NN_ONLY_DEMO,13,1,0.519845,SAFE
798,39.505,12,12,0,0,0,3,0,73.8,0.000,STABLE,NN_ONLY_DEMO,12,1,0.550463,SAFE
800,39.604,11,13,2,0,0,3,0,73.2,0.488,STABLE,NN_ONLY_DEMO,13,1,0.591426,SAFE
802,39.703,11,14,3,1,0,3,2,72.5,0.725,STABLE,NN_ONLY_DEMO,14,1,0.588929,SAFE
804,39.802,10,14,4,1,1,3,4,72.6,0.968,LIKELY_INCREASE,NN_ONLY_DEMO,14,1,0.622166,SAFE
806,39.901,10,15,5,1,1,3,6,73.6,1.227,LIKELY_INCREASE,NN_ONLY_DEMO,15,1,0.609335,SAFE
808,40.000,9,15,6,1,1,3,8,74.1,1.482,LIKELY_INCREASE,NN_ONLY_DEMO,15,1,0.598997,SAFE
810,40.099,9,16,7,1,1,3,10,74.7,1.743,LIKELY_INCREASE,NN_ONLY_DEMO,16,1,0.604280,SAFE
812,40.198,9,15,6,1,1,3,12,74.7,1.494,LIKELY_INCREASE,NN_ONLY_DEMO,15,1,0.613547,SAFE
814,40.297,10,15,5,1,1,3,14,74.1,1.235,LIKELY_INCREASE,NN_ONLY_DEMO,15,1,0.588499,SAFE
816,40.396,10,14,4,1,1,3,16,73.6,0.981,LIKELY_INCREASE,NN_ONLY_DEMO,14,1,0.589955,SAFE
818,40.495,10,13,3,1,1,3,18,73.8,0.738,STABLE,NN_ONLY_DEMO,13,1,0.568258,SAFE
820,40.594,10,13,3,1,1,3,20,74.3,0.743,STABLE,NN_ONLY_DEMO,13,1,0.635354,SAFE
822,40.693,11,13,2,0,0,3,0,74.8,0.499,STABLE,NN_ONLY_DEMO,13,1,0.618293,SAFE
824,40.792,10,13,3,1,0,3,1,74.3,0.743,STABLE,NN_ONLY_DEMO,13,1,0.596700,SAFE
826,40.891,10,14,4,1,1,3,3,73.7,0.983,LIKELY_INCREASE,NN_ONLY_DEMO,14,1,0.630270,SAFE
828,40.990,10,15,5,1,1,3,5,73.5,1.225,LIKELY_INCREASE,NN_ONLY_DEMO,15,1,0.655207,SAFE
830,41.089,10,15,5,1,1,3,7,73.4,1.223,LIKELY_INCREASE,NN_ONLY_DEMO,15,1,0.665516,SAFE
832,41.188,10,16,6,1,1,3,9,72.9,1.458,LIKELY_INCREASE,NN_ONLY_DEMO,16,1,0.681334,SAFE
834,41.287,11,14,3,1,1,3,11,72.3,0.723,STABLE,NN_ONLY_DEMO,14,1,0.627941,SAFE
836,41.386,11,13,2,0,0,3,0,72.5,0.483,STABLE,NN_ONLY_DEMO,13,1,0.634986,SAFE
838,41.485,12,12,0,0,0,3,0,73.8,0.000,STABLE,NN_ONLY_DEMO,12,1,0.638363,SAFE
840,41.584,12,12,0,0,0,3,0,74.9,0.000,STABLE,NN_ONLY_DEMO,12,1,0.693320,SAFE
842,41.683,12,12,0,0,0,3,0,74.9,0.000,STABLE,NN_ONLY_DEMO,12,1,0.653623,SAFE
844,41.782,13,13,0,0,0,3,0,74.0,0.000,STABLE,NN_ONLY_DEMO,13,1,0.738773,SAFE
846,41.881,13,11,-2,0,0,3,0,73.5,-0.490,STABLE,NN_ONLY_DEMO,11,1,0.666552,SAFE
848,41.980,13,11,-2,0,0,3,0,73.2,-0.488,STABLE,NN_ONLY_DEMO,11,1,0.635772,SAFE
850,42.079,13,11,-2,0,0,3,0,72.9,-0.486,STABLE,NN_ONLY_DEMO,11,1,0.659584,SAFE
852,42.178,13,11,-2,0,0,3,0,72.9,-0.486,STABLE,NN_ONLY_DEMO,11,1,0.705596,SAFE
854,42.277,12,12,0,0,0,3,0,72.8,0.000,STABLE,NN_ONLY_DEMO,12,1,0.636594,SAFE
856,42.376,12,13,1,0,0,3,0,73.5,0.245,STABLE,NN_ONLY_DEMO,13,1,0.679754,SAFE
858,42.475,12,11,-1,0,0,3,0,73.7,-0.246,STABLE,NN_ONLY_DEMO,11,1,0.638414,SAFE
860,42.574,12,11,-1,0,0,3,0,73.2,-0.244,STABLE,NN_ONLY_DEMO,11,1,0.636929,SAFE
862,42.673,12,12,0,0,0,3,0,73.1,0.000,STABLE,NN_ONLY_DEMO,12,1,0.644356,SAFE
864,42.772,11,12,1,0,0,3,0,73.2,0.244,STABLE,NN_ONLY_DEMO,12,1,0.667540,SAFE
866,42.871,11,13,2,0,0,3,0,73.2,0.488,STABLE,NN_ONLY_DEMO,13,1,0.605478,SAFE
868,42.970,12,12,0,0,0,3,0,73.2,0.000,STABLE,NN_ONLY_DEMO,12,1,0.601819,SAFE
870,43.069,12,11,-1,0,0,3,0,73.8,-0.246,STABLE,NN_ONLY_DEMO,11,1,0.623741,SAFE
872,43.168,12,11,-1,0,0,3,0,74.3,-0.248,STABLE,NN_ONLY_DEMO,11,1,0.652242,SAFE
874,43.267,12,11,-1,0,0,3,0,74.4,-0.248,STABLE,NN_ONLY_DEMO,11,1,0.577594,SAFE
876,43.366,12,12,0,0,0,3,0,74.4,0.000,STABLE,NN_ONLY_DEMO,12,1,0.598733,SAFE
878,43.465,12,11,-1,0,0,3,0,74.1,-0.247,STABLE,NN_ONLY_DEMO,11,1,0.609033,SAFE
880,43.564,11,12,1,0,0,3,0,74.1,0.247,STABLE,NN_ONLY_DEMO,12,1,0.597152,SAFE
882,43.663,11,13,2,0,0,3,0,73.8,0.492,STABLE,NN_ONLY_DEMO,13,1,0.622151,SAFE
884,43.762,12,12,0,0,0,3,0,72.8,0.000,STABLE,NN_ONLY_DEMO,12,1,0.648301,SAFE
886,43.861,12,12,0,0,0,3,0,72.3,0.000,STABLE,NN_ONLY_DEMO,12,1,0.692488,SAFE
888,43.960,12,12,0,0,0,3,0,72.2,0.000,STABLE,NN_ONLY_DEMO,12,1,0.658266,SAFE
890,44.059,12,11,-1,0,0,3,0,72.2,-0.241,STABLE,NN_ONLY_DEMO,11,1,0.685955,SAFE
892,44.158,12,12,0,0,0,3,0,71.9,0.000,STABLE,NN_ONLY_DEMO,12,1,0.662650,SAFE
894,44.257,11,13,2,0,0,3,0,70.8,0.472,STABLE,NN_ONLY_DEMO,13,1,0.627379,SAFE
896,44.356,10,15,5,1,0,3,2,71.2,1.187,LIKELY_INCREASE,NN_ONLY_DEMO,15,1,0.657752,SAFE
898,44.455,10,15,5,1,1,3,4,72.8,1.213,LIKELY_INCREASE,NN_ONLY_DEMO,15,1,0.732932,SAFE
900,44.554,10,15,5,1,1,3,6,72.8,1.213,LIKELY_INCREASE,NN_ONLY_DEMO,15,1,0.566828,SAFE
902,44.653,10,15,5,1,1,3,8,72.4,1.207,LIKELY_INCREASE,NN_ONLY_DEMO,15,1,0.654903,SAFE
904,44.752,11,13,2,0,0,3,0,72.1,0.481,STABLE,NN_ONLY_DEMO,13,1,0.702512,SAFE
906,44.851,11,13,2,0,0,3,0,73.1,0.487,STABLE,NN_ONLY_DEMO,13,1,0.675846,SAFE
908,44.950,11,13,2,0,0,3,0,74.0,0.493,STABLE,NN_ONLY_DEMO,13,1,0.629507,SAFE
910,45.050,11,14,3,1,0,3,1,73.5,0.735,STABLE,NN_ONLY_DEMO,14,1,0.731313,SAFE
912,45.149,11,14,3,1,1,3,3,73.3,0.733,STABLE,NN_ONLY_DEMO,14,1,0.740884,SAFE
914,45.248,11,15,4,1,1,3,5,73.2,0.976,LIKELY_INCREASE,NN_ONLY_DEMO,15,1,0.723436,SAFE
916,45.347,10,16,6,1,1,3,7,73.2,1.464,LIKELY_INCREASE,NN_ONLY_DEMO,16,1,0.690108,SAFE
918,45.446,10,14,4,1,1,3,9,72.3,0.964,LIKELY_INCREASE,NN_ONLY_DEMO,14,1,0.665927,SAFE
920,45.545,10,14,4,1,1,3,11,71.7,0.956,LIKELY_INCREASE,NN_ONLY_DEMO,14,1,0.707777,SAFE
922,45.644,10,16,6,1,1,3,13,71.7,1.434,LIKELY_INCREASE,NN_ONLY_DEMO,16,1,0.778188,SAFE
924,45.743,9,17,8,1,1,3,15,72.5,1.933,STRONG_INCREASE,NN_ONLY_DEMO,17,1,0.740293,SAFE
926,45.842,9,18,9,1,1,3,17,74.0,2.220,STRONG_INCREASE,NN_ONLY_DEMO,18,1,0.714054,SAFE
928,45.941,9,17,8,1,1,3,19,74.5,1.987,STRONG_INCREASE,NN_ONLY_DEMO,17,1,0.692012,SAFE
930,46.040,9,17,8,1,1,3,21,74.9,1.997,STRONG_INCREASE,NN_ONLY_DEMO,17,1,0.650378,SAFE
932,46.139,9,16,7,1,1,3,23,74.9,1.748,LIKELY_INCREASE,NN_ONLY_DEMO,16,1,0.655558,SAFE
934,46.238,9,15,6,1,1,3,25,74.7,1.494,LIKELY_INCREASE,NN_ONLY_DEMO,15,1,0.597132,SAFE
936,46.337,9,14,5,1,1,3,27,74.2,1.237,LIKELY_INCREASE,NN_ONLY_DEMO,14,1,0.578963,SAFE
938,46.436,9,14,5,1,1,3,29,73.7,1.228,LIKELY_INCREASE,NN_ONLY_DEMO,14,1,0.582660,SAFE
940,46.535,10,14,4,1,1,3,31,73.2,0.976,LIKELY_INCREASE,NN_ONLY_DEMO,14,1,0.593338,SAFE
942,46.634,10,14,4,1,1,3,33,72.7,0.969,LIKELY_INCREASE,NN_ONLY_DEMO,14,1,0.564323,SAFE
944,46.733,10,14,4,1,1,3,35,72.0,0.960,LIKELY_INCREASE,NN_ONLY_DEMO,14,1,0.553655,SAFE
946,46.832,11,11,0,0,0,3,0,71.8,0.000,STABLE,NN_ONLY_DEMO,11,1,0.516071,SAFE
948,46.931,11,11,0,0,0,3,0,73.1,0.000,STABLE,NN_ONLY_DEMO,11,1,0.528568,SAFE
950,47.030,11,11,0,0,0,3,0,74.9,0.000,STABLE,NN_ONLY_DEMO,11,1,0.533939,SAFE
952,47.129,11,11,0,0,0,3,0,74.5,0.000,STABLE,NN_ONLY_DEMO,11,1,0.523614,SAFE
954,47.228,12,11,-1,0,0,3,0,74.1,-0.247,STABLE,NN_ONLY_DEMO,11,1,0.528154,SAFE
956,47.327,12,11,-1,0,0,3,0,73.8,-0.246,STABLE,NN_ONLY_DEMO,11,1,0.510626,SAFE
958,47.426,12,11,-1,0,0,3,0,73.7,-0.246,STABLE,NN_ONLY_DEMO,11,1,0.512808,SAFE
960,47.525,12,10,-2,0,0,3,0,73.9,-0.493,STABLE,NN_ONLY_DEMO,10,1,0.527914,SAFE
962,47.624,12,10,-2,0,0,3,0,74.3,-0.495,STABLE,NN_ONLY_DEMO,10,1,0.498977,SAFE
964,47.723,12,10,-2,0,0,3,0,74.5,-0.497,STABLE,NN_ONLY_DEMO,10,1,0.477469,SAFE
966,47.822,12,10,-2,0,0,3,0,74.8,-0.499,STABLE,NN_ONLY_DEMO,10,1,0.479744,SAFE
968,47.921,12,11,-1,0,0,3,0,74.7,-0.249,STABLE,NN_ONLY_DEMO,11,1,0.491144,SAFE
970,48.020,13,10,-3,0,0,3,0,74.3,-0.743,STABLE,NN_ONLY_DEMO,10,1,0.500912,SAFE
972,48.119,13,10,-3,0,0,3,0,74.3,-0.743,STABLE,NN_ONLY_DEMO,10,1,0.478525,SAFE
974,48.218,12,10,-2,0,0,3,0,73.5,-0.490,STABLE,NN_ONLY_DEMO,10,1,0.474111,SAFE
976,48.317,12,11,-1,0,0,3,0,72.8,-0.243,STABLE,NN_ONLY_DEMO,11,1,0.476324,SAFE
978,48.416,11,12,1,0,0,3,0,72.4,0.241,STABLE,NN_ONLY_DEMO,12,1,0.476280,SAFE
980,48.515,11,12,1,0,0,3,0,72.7,0.242,STABLE,NN_ONLY_DEMO,12,1,0.473462,SAFE
982,48.614,11,13,2,0,0,3,0,73.8,0.492,STABLE,NN_ONLY_DEMO,13,1,0.466609,SAFE
984,48.713,11,13,2,0,0,3,0,74.0,0.493,STABLE,NN_ONLY_DEMO,13,1,0.478605,SAFE
986,48.812,11,13,2,0,0,3,0,74.1,0.494,STABLE,NN_ONLY_DEMO,13,1,0.477250,SAFE
988,48.911,11,12,1,0,0,3,0,74.0,0.247,STABLE,NN_ONLY_DEMO,12,1,0.512993,SAFE
990,49.010,11,12,1,0,0,3,0,74.0,0.247,STABLE,NN_ONLY_DEMO,12,1,0.488353,SAFE
992,49.109,12,11,-1,0,0,3,0,73.8,-0.246,STABLE,NN_ONLY_DEMO,11,1,0.505057,SAFE
994,49.208,12,11,-1,0,0,3,0,73.7,-0.246,STABLE,NN_ONLY_DEMO,11,1,0.506809,SAFE
996,49.307,12,11,-1,0,0,3,0,73.0,-0.243,STABLE,NN_ONLY_DEMO,11,1,0.511245,SAFE
998,49.406,13,10,-3,0,0,3,0,72.4,-0.724,STABLE,NN_ONLY_DEMO,10,1,0.491539,SAFE
1000,49.505,13,9,-4,0,0,3,0,72.2,-0.963,LIKELY_DROP,NN_ONLY_DEMO,9,1,0.475992,SAFE
1002,49.604,13,10,-3,0,0,3,0,72.3,-0.723,STABLE,NN_ONLY_DEMO,10,1,0.481432,SAFE
1004,49.703,13,10,-3,0,0,3,0,72.5,-0.725,STABLE,NN_ONLY_DEMO,10,1,0.481546,SAFE
1006,49.802,12,11,-1,0,0,3,0,72.4,-0.241,STABLE,NN_ONLY_DEMO,11,1,0.496592,SAFE
1008,49.901,13,10,-3,0,0,3,0,72.3,-0.723,STABLE,NN_ONLY_DEMO,10,1,0.490811,SAFE
1010,50.000,14,9,-5,0,0,3,0,72.6,-1.210,LIKELY_DROP,NN_ONLY_DEMO,9,1,0.475137,SAFE
1012,50.099,14,9,-5,0,0,3,0,73.6,-1.227,LIKELY_DROP,NN_ONLY_DEMO,9,1,0.490869,SAFE
1014,50.198,14,8,-6,0,0,3,0,74.4,-1.488,LIKELY_DROP,NN_ONLY_DEMO,8,1,0.503749,SAFE
1016,50.297,14,8,-6,0,0,3,0,74.6,-1.492,LIKELY_DROP,NN_ONLY_DEMO,8,1,0.481064,SAFE
1018,50.396,14,9,-5,0,0,3,0,74.8,-1.247,LIKELY_DROP,NN_ONLY_DEMO,9,1,0.472606,SAFE
1020,50.495,14,8,-6,0,0,3,0,74.3,-1.486,LIKELY_DROP,NN_ONLY_DEMO,8,1,0.466678,SAFE
1022,50.594,13,10,-3,0,0,3,0,73.7,-0.737,STABLE,NN_ONLY_DEMO,10,1,0.469550,SAFE
1024,50.693,13,10,-3,0,0,3,0,73.6,-0.736,STABLE,NN_ONLY_DEMO,10,1,0.469910,SAFE
1026,50.792,12,10,-2,0,0,3,0,73.6,-0.491,STABLE,NN_ONLY_DEMO,10,1,0.471404,SAFE
1028,50.891,12,11,-1,0,0,3,0,73.3,-0.244,STABLE,NN_ONLY_DEMO,11,1,0.471610,SAFE
1030,50.990,12,11,-1,0,0,3,0,74.1,-0.247,STABLE,NN_ONLY_DEMO,11,1,0.452574,SAFE
1032,51.089,11,11,0,0,0,3,0,74.5,0.000,STABLE,NN_ONLY_DEMO,11,1,0.439440,SAFE
1034,51.188,11,12,1,0,0,3,0,73.9,0.246,STABLE,NN_ONLY_DEMO,12,1,0.429631,SAFE
1036,51.287,11,13,2,0,0,3,0,73.4,0.489,STABLE,NN_ONLY_DEMO,13,1,0.406756,SAFE
1038,51.386,10,14,4,1,0,3,2,72.9,0.972,LIKELY_INCREASE,NN_ONLY_DEMO,14,1,0.411631,SAFE
1040,51.485,10,15,5,1,1,3,4,72.5,1.208,LIKELY_INCREASE,NN_ONLY_DEMO,15,1,0.420548,SAFE
1042,51.584,9,15,6,1,1,3,6,73.3,1.466,LIKELY_INCREASE,NN_ONLY_DEMO,15,1,0.458023,SAFE
1044,51.683,9,15,6,1,1,3,8,74.7,1.494,LIKELY_INCREASE,NN_ONLY_DEMO,15,1,0.458658,SAFE
1046,51.782,9,15,6,1,1,3,10,74.9,1.498,LIKELY_INCREASE,NN_ONLY_DEMO,15,1,0.478345,SAFE
1048,51.881,9,15,6,1,1,3,12,75.1,1.502,LIKELY_INCREASE,NN_ONLY_DEMO,15,1,0.500627,SAFE
1050,51.980,9,14,5,1,1,3,14,75.1,1.252,LIKELY_INCREASE,NN_ONLY_DEMO,14,1,0.520885,SAFE
1052,52.079,9,14,5,1,1,3,16,75.1,1.252,LIKELY_INCREASE,NN_ONLY_DEMO,14,1,0.501391,SAFE
1054,52.178,9,15,6,1,1,3,18,74.2,1.484,LIKELY_INCREASE,NN_ONLY_DEMO,15,1,0.525670,SAFE
1056,52.277,10,14,4,1,1,3,20,73.2,0.976,LIKELY_INCREASE,NN_ONLY_DEMO,14,1,0.517640,SAFE
1058,52.376,10,13,3,1,1,3,22,73.0,0.730,STABLE,NN_ONLY_DEMO,13,1,0.523390,SAFE
1060,52.475,10,12,2,0,0,3,0,73.3,0.489,STABLE,NN_ONLY_DEMO,12,1,0.508175,SAFE
1062,52.574,10,12,2,0,0,3,0,73.8,0.492,STABLE,NN_ONLY_DEMO,12,1,0.534940,SAFE
1064,52.673,11,13,2,0,0,3,0,73.2,0.488,STABLE,NN_ONLY_DEMO,13,1,0.620121,SAFE
1066,52.772,11,12,1,0,0,3,0,72.8,0.243,STABLE,NN_ONLY_DEMO,12,1,0.558978,SAFE
1068,52.871,11,12,1,0,0,3,0,72.7,0.242,STABLE,NN_ONLY_DEMO,12,1,0.634739,SAFE
1070,52.970,11,12,1,0,0,3,0,72.7,0.242,STABLE,NN_ONLY_DEMO,12,1,0.601020,SAFE
1072,53.069,11,11,0,0,0,3,0,72.6,0.000,STABLE,NN_ONLY_DEMO,11,1,0.603279,SAFE
1074,53.168,11,12,1,0,0,3,0,72.7,0.242,STABLE,NN_ONLY_DEMO,12,1,0.564252,SAFE
1076,53.267,11,11,0,0,0,3,0,73.1,0.000,STABLE,NN_ONLY_DEMO,11,1,0.547526,SAFE
1078,53.366,11,12,1,0,0,3,0,73.9,0.246,STABLE,NN_ONLY_DEMO,12,1,0.542901,SAFE
1080,53.465,11,11,0,0,0,3,0,73.9,0.000,STABLE,NN_ONLY_DEMO,11,1,0.550131,SAFE
1082,53.564,10,12,2,0,0,3,0,73.9,0.493,STABLE,NN_ONLY_DEMO,12,1,0.540614,SAFE
1084,53.663,10,12,2,0,0,3,0,74.3,0.495,STABLE,NN_ONLY_DEMO,12,1,0.533782,SAFE
1086,53.762,10,12,2,0,0,3,0,74.8,0.499,STABLE,NN_ONLY_DEMO,12,1,0.486837,SAFE
1088,53.861,10,13,3,1,0,3,2,74.2,0.742,STABLE,NN_ONLY_DEMO,13,1,0.478496,SAFE
1090,53.960,10,13,3,1,1,3,4,74.2,0.742,STABLE,NN_ONLY_DEMO,13,1,0.485088,SAFE
1092,54.059,9,14,5,1,1,3,6,74.7,1.245,LIKELY_INCREASE,NN_ONLY_DEMO,14,1,0.485072,SAFE
1094,54.158,9,14,5,1,1,3,8,74.3,1.238,LIKELY_INCREASE,NN_ONLY_DEMO,14,1,0.471047,SAFE
1096,54.257,9,14,5,1,1,3,10,74.3,1.238,LIKELY_INCREASE,NN_ONLY_DEMO,14,1,0.449051,SAFE
1098,54.356,8,15,7,1,1,3,12,74.5,1.738,LIKELY_INCREASE,NN_ONLY_DEMO,15,1,0.462595,SAFE
1100,54.455,8,15,7,1,1,3,14,74.4,1.736,LIKELY_INCREASE,NN_ONLY_DEMO,15,1,0.450419,SAFE
1102,54.554,8,16,8,1,1,3,16,74.6,1.989,STRONG_INCREASE,NN_ONLY_DEMO,16,1,0.423363,SAFE
1104,54.653,8,16,8,1,1,3,18,75.3,2.008,STRONG_INCREASE,NN_ONLY_DEMO,16,1,0.415607,SAFE
1106,54.752,8,16,8,1,1,3,20,75.3,2.008,STRONG_INCREASE,NN_ONLY_DEMO,16,1,0.410219,SAFE
1108,54.851,8,17,9,1,1,3,22,74.3,2.229,STRONG_INCREASE,NN_ONLY_DEMO,17,1,0.410276,SAFE
1110,54.950,8,17,9,1,1,3,24,73.6,2.208,STRONG_INCREASE,NN_ONLY_DEMO,17,1,0.422629,SAFE
1112,55.050,8,16,8,1,1,3,26,72.8,1.941,STRONG_INCREASE,NN_ONLY_DEMO,16,1,0.464573,SAFE
1114,55.149,9,16,7,1,1,3,28,72.1,1.682,LIKELY_INCREASE,NN_ONLY_DEMO,16,1,0.466385,SAFE
1116,55.248,9,15,6,1,1,3,30,71.7,1.434,LIKELY_INCREASE,NN_ONLY_DEMO,15,1,0.563778,SAFE
1118,55.347,10,13,3,1,1,3,32,72.5,0.725,STABLE,NN_ONLY_DEMO,13,1,0.491560,SAFE
1120,55.446,10,13,3,1,1,3,34,73.8,0.738,STABLE,NN_ONLY_DEMO,13,1,0.531037,SAFE
1122,55.545,10,13,3,1,1,3,36,74.0,0.740,STABLE,NN_ONLY_DEMO,13,1,0.536156,SAFE
1124,55.644,10,13,3,1,0,3,1,74.0,0.740,STABLE,NN_ONLY_DEMO,13,1,0.533672,SAFE
1126,55.743,10,14,4,1,1,3,3,73.2,0.976,LIKELY_INCREASE,NN_ONLY_DEMO,14,1,0.567323,SAFE
1128,55.842,10,12,2,0,0,3,0,72.3,0.482,STABLE,NN_ONLY_DEMO,12,1,0.527720,SAFE
1130,55.941,11,11,0,0,0,3,0,72.1,0.000,STABLE,NN_ONLY_DEMO,11,1,0.476518,SAFE
1132,56.040,11,10,-1,0,0,3,0,72.1,-0.240,STABLE,NN_ONLY_DEMO,10,1,0.445096,SAFE
1134,56.139,12,10,-2,0,0,3,0,72.2,-0.481,STABLE,NN_ONLY_DEMO,10,1,0.406627,SAFE
1136,56.238,13,10,-3,0,0,3,0,73.2,-0.732,STABLE,NN_ONLY_DEMO,10,1,0.400715,SAFE
1138,56.337,13,11,-2,0,0,3,0,74.0,-0.493,STABLE,NN_ONLY_DEMO,11,1,0.327981,SAFE
1140,56.436,13,12,-1,0,0,3,0,74.0,-0.247,STABLE,NN_ONLY_DEMO,12,1,0.328027,SAFE
1142,56.535,13,13,0,0,0,3,0,74.0,0.000,STABLE,NN_ONLY_DEMO,13,1,0.336391,SAFE
1144,56.634,13,14,1,0,0,3,0,74.0,0.247,STABLE,NN_ONLY_DEMO,14,1,0.364379,SAFE
1146,56.733,12,15,3,1,0,3,1,74.2,0.742,STABLE,NN_ONLY_DEMO,15,1,0.373780,SAFE
1148,56.832,12,14,2,0,0,3,0,74.7,0.498,STABLE,NN_ONLY_DEMO,14,1,0.392799,SAFE
1150,56.931,13,13,0,0,0,3,0,75.2,0.000,STABLE,NN_ONLY_DEMO,13,1,0.393451,SAFE
1152,57.030,13,13,0,0,0,3,0,75.3,0.000,STABLE,NN_ONLY_DEMO,13,1,0.392182,SAFE
1154,57.129,13,12,-1,0,0,3,0,74.9,-0.250,STABLE,NN_ONLY_DEMO,12,1,0.361344,SAFE
1156,57.228,12,13,1,0,0,3,0,74.0,0.247,STABLE,NN_ONLY_DEMO,13,1,0.378253,SAFE
1158,57.327,12,13,1,0,0,3,0,73.1,0.244,STABLE,NN_ONLY_DEMO,13,1,0.362308,SAFE
1160,57.426,11,14,3,1,0,3,1,72.5,0.725,STABLE,NN_ONLY_DEMO,14,1,0.367416,SAFE
1162,57.525,11,15,4,1,1,3,3,72.6,0.968,LIKELY_INCREASE,NN_ONLY_DEMO,15,1,0.377655,SAFE
1164,57.624,10,15,5,1,1,3,5,73.6,1.227,LIKELY_INCREASE,NN_ONLY_DEMO,15,1,0.415511,SAFE
1166,57.723,10,15,5,1,1,3,7,74.8,1.247,LIKELY_INCREASE,NN_ONLY_DEMO,15,1,0.352880,SAFE
1168,57.822,10,15,5,1,1,3,9,74.9,1.248,LIKELY_INCREASE,NN_ONLY_DEMO,15,1,0.368227,SAFE
1170,57.921,10,15,5,1,1,3,11,74.9,1.248,LIKELY_INCREASE,NN_ONLY_DEMO,15,1,0.363839,SAFE
1172,58.020,10,15,5,1,1,3,13,74.9,1.248,LIKELY_INCREASE,NN_ONLY_DEMO,15,1,0.402434,SAFE
1174,58.119,10,15,5,1,1,3,15,74.9,1.248,LIKELY_INCREASE,NN_ONLY_DEMO,15,1,0.360131,SAFE
1176,58.218,10,15,5,1,1,3,17,75.0,1.250,LIKELY_INCREASE,NN_ONLY_DEMO,15,1,0.346634,SAFE
1178,58.317,10,15,5,1,1,3,19,75.2,1.253,LIKELY_INCREASE,NN_ONLY_DEMO,15,1,0.353472,SAFE
1180,58.416,10,16,6,1,1,3,21,75.6,1.512,LIKELY_INCREASE,NN_ONLY_DEMO,16,1,0.361097,SAFE
1182,58.515,10,16,6,1,1,3,23,75.6,1.512,LIKELY_INCREASE,NN_ONLY_DEMO,16,1,0.361471,SAFE
1184,58.614,10,16,6,1,1,3,25,74.3,1.486,LIKELY_INCREASE,NN_ONLY_DEMO,16,1,0.362808,SAFE
1186,58.713,11,15,4,1,1,3,27,73.1,0.975,LIKELY_INCREASE,NN_ONLY_DEMO,15,1,0.339667,SAFE
1188,58.812,12,15,3,1,1,3,29,72.5,0.725,STABLE,NN_ONLY_DEMO,15,1,0.333993,SAFE
1190,58.911,12,14,2,0,0,3,0,72.8,0.485,STABLE,NN_ONLY_DEMO,14,1,0.307596,SAFE
1192,59.010,12,15,3,1,0,3,1,73.7,0.737,STABLE,NN_ONLY_DEMO,15,1,0.303864,SAFE
1194,59.109,12,15,3,1,1,3,3,74.8,0.748,STABLE,NN_ONLY_DEMO,15,1,0.287448,SAFE
1196,59.208,12,16,4,1,1,3,5,74.1,0.988,LIKELY_INCREASE,NN_ONLY_DEMO,16,1,0.251727,SAFE
1198,59.307,12,17,5,1,1,3,7,73.5,1.225,LIKELY_INCREASE,NN_ONLY_DEMO,17,1,0.260667,SAFE
1200,59.406,11,18,7,1,1,3,9,73.8,1.722,LIKELY_INCREASE,NN_ONLY_DEMO,18,1,0.262763,SAFE
1202,59.505,11,18,7,1,1,3,11,73.9,1.724,LIKELY_INCREASE,NN_ONLY_DEMO,18,1,0.268095,SAFE
1204,59.604,11,19,8,1,1,3,13,73.8,1.968,STRONG_INCREASE,NN_ONLY_DEMO,19,1,0.265640,SAFE
1206,59.703,10,19,9,1,1,3,15,74.3,2.229,STRONG_INCREASE,NN_ONLY_DEMO,19,1,0.260325,SAFE
1208,59.802,11,19,8,1,1,3,17,74.9,1.997,STRONG_INCREASE,NN_ONLY_DEMO,19,1,0.266282,SAFE
1210,59.901,11,19,8,1,1,3,19,75.0,2.000,STRONG_INCREASE,NN_ONLY_DEMO,19,1,0.270159,SAFE
1212,60.000,11,18,7,1,1,3,21,75.0,1.750,LIKELY_INCREASE,NN_ONLY_DEMO,18,1,0.287160,SAFE
1214,60.099,11,18,7,1,1,3,23,74.0,1.727,LIKELY_INCREASE,NN_ONLY_DEMO,18,1,0.296814,SAFE
1216,60.198,12,17,5,1,1,3,25,73.8,1.230,LIKELY_INCREASE,NN_ONLY_DEMO,17,1,0.309531,SAFE
1218,60.297,12,17,5,1,1,3,27,73.9,1.232,LIKELY_INCREASE,NN_ONLY_DEMO,17,1,0.309762,SAFE
1220,60.396,12,16,4,1,1,3,29,73.4,0.979,LIKELY_INCREASE,NN_ONLY_DEMO,16,1,0.324787,SAFE
1222,60.495,13,15,2,0,0,3,0,73.5,0.490,STABLE,NN_ONLY_DEMO,15,1,0.326472,SAFE
1224,60.594,13,15,2,0,0,3,0,74.3,0.495,STABLE,NN_ONLY_DEMO,15,1,0.350787,SAFE
1226,60.693,13,14,1,0,0,3,0,75.0,0.250,STABLE,NN_ONLY_DEMO,14,1,0.353836,SAFE
1228,60.792,13,14,1,0,0,3,0,74.6,0.249,STABLE,NN_ONLY_DEMO,14,1,0.363462,SAFE
1230,60.891,14,13,-1,0,0,3,0,74.5,-0.248,STABLE,NN_ONLY_DEMO,13,1,0.356965,SAFE
1232,60.990,14,13,-1,0,0,3,0,74.2,-0.247,STABLE,NN_ONLY_DEMO,13,1,0.362730,SAFE
1234,61.089,14,13,-1,0,0,3,0,74.0,-0.247,STABLE,NN_ONLY_DEMO,13,1,0.367973,SAFE
1236,61.188,14,13,-1,0,0,3,0,73.9,-0.246,STABLE,NN_ONLY_DEMO,13,1,0.387744,SAFE
1238,61.287,14,12,-2,0,0,3,0,73.6,-0.491,STABLE,NN_ONLY_DEMO,12,1,0.343794,SAFE
1240,61.386,14,13,-1,0,0,3,0,73.4,-0.245,STABLE,NN_ONLY_DEMO,13,1,0.336151,SAFE
1242,61.485,14,13,-1,0,0,3,0,73.6,-0.245,STABLE,NN_ONLY_DEMO,13,1,0.286243,SAFE
1244,61.584,14,14,0,0,0,3,0,73.7,0.000,STABLE,NN_ONLY_DEMO,14,1,0.265443,SAFE
1246,61.683,13,15,2,0,0,3,0,73.7,0.491,STABLE,NN_ONLY_DEMO,15,1,0.250268,SAFE
1248,61.782,13,16,3,1,0,3,1,73.7,0.737,STABLE,NN_ONLY_DEMO,16,1,0.217847,SAFE
1250,61.881,13,17,4,1,1,3,3,74.0,0.987,LIKELY_INCREASE,NN_ONLY_DEMO,17,1,0.173646,SAFE
1252,61.980,13,18,5,1,1,3,5,74.0,1.233,LIKELY_INCREASE,NN_ONLY_DEMO,18,1,0.146419,SAFE
1254,62.079,13,20,7,1,1,3,7,73.9,1.724,LIKELY_INCREASE,NN_ONLY_DEMO,20,1,0.134393,SAFE
1256,62.178,13,21,8,1,1,3,9,73.7,1.965,STRONG_INCREASE,NN_ONLY_DEMO,21,1,0.149362,SAFE
1258,62.277,13,21,8,1,1,3,11,73.8,1.968,STRONG_INCREASE,NN_ONLY_DEMO,21,1,0.135290,SAFE
1260,62.376,14,21,7,1,1,3,13,73.7,1.720,LIKELY_INCREASE,NN_ONLY_DEMO,21,1,0.134876,SAFE
1262,62.475,14,22,8,1,1,3,15,73.6,1.963,STRONG_INCREASE,NN_ONLY_DEMO,22,1,0.136270,SAFE
1264,62.574,14,21,7,1,1,3,17,73.6,1.717,LIKELY_INCREASE,NN_ONLY_DEMO,21,1,0.138500,SAFE
1266,62.673,15,21,6,1,1,3,19,73.9,1.478,LIKELY_INCREASE,NN_ONLY_DEMO,21,1,0.135454,SAFE
1268,62.772,15,21,6,1,1,3,21,75.0,1.500,LIKELY_INCREASE,NN_ONLY_DEMO,21,1,0.137006,SAFE
1270,62.871,15,21,6,1,1,3,23,75.2,1.504,LIKELY_INCREASE,NN_ONLY_DEMO,21,1,0.139837,SAFE
1272,62.970,15,21,6,1,1,3,25,74.6,1.492,LIKELY_INCREASE,NN_ONLY_DEMO,21,1,0.184619,SAFE
1274,63.069,15,20,5,1,1,3,27,74.1,1.235,LIKELY_INCREASE,NN_ONLY_DEMO,20,1,0.187298,SAFE
1276,63.168,15,20,5,1,1,3,29,74.0,1.233,LIKELY_INCREASE,NN_ONLY_DEMO,20,1,0.195670,SAFE
1278,63.267,15,19,4,1,1,3,31,73.8,0.984,LIKELY_INCREASE,NN_ONLY_DEMO,19,1,0.196087,SAFE
1280,63.366,15,18,3,1,1,3,33,73.6,0.736,STABLE,NN_ONLY_DEMO,18,1,0.208282,SAFE
1282,63.465,15,18,3,1,1,3,35,73.7,0.737,STABLE,NN_ONLY_DEMO,18,1,0.203834,SAFE
1284,63.564,16,18,2,0,0,3,0,72.7,0.485,STABLE,NN_ONLY_DEMO,18,1,0.208421,SAFE
1286,63.663,16,18,2,0,0,3,0,72.2,0.481,STABLE,NN_ONLY_DEMO,18,1,0.191358,SAFE
1288,63.762,17,18,1,0,0,3,0,72.4,0.241,STABLE,NN_ONLY_DEMO,18,1,0.203313,SAFE
1290,63.861,17,17,0,0,0,3,0,72.7,0.000,STABLE,NN_ONLY_DEMO,17,1,0.191417,SAFE
1292,63.960,18,17,-1,0,0,3,0,73.1,-0.244,STABLE,NN_ONLY_DEMO,17,1,0.210633,SAFE
1294,64.059,17,17,0,0,0,3,0,73.1,0.000,STABLE,NN_ONLY_DEMO,17,1,0.193574,SAFE
1296,64.158,17,17,0,0,0,3,0,73.2,0.000,STABLE,NN_ONLY_DEMO,17,1,0.175518,SAFE
1298,64.257,16,18,2,0,0,3,0,72.7,0.485,STABLE,NN_ONLY_DEMO,18,1,0.178502,SAFE
1300,64.356,16,18,2,0,0,3,0,72.0,0.480,STABLE,NN_ONLY_DEMO,18,1,0.185500,SAFE
1302,64.455,14,19,5,1,0,3,2,70.5,1.175,LIKELY_INCREASE,NN_ONLY_DEMO,19,1,0.161320,SAFE
1304,64.554,14,20,6,1,1,3,4,70.2,1.404,LIKELY_INCREASE,NN_ONLY_DEMO,20,1,0.187542,SAFE
1306,64.653,13,20,7,1,1,3,6,70.2,1.638,LIKELY_INCREASE,NN_ONLY_DEMO,20,1,0.164696,SAFE
1308,64.752,12,21,9,1,1,3,8,69.6,2.088,LIKELY_INCREASE,NN_ONLY_DEMO,21,1,0.187745,SAFE
1310,64.851,12,21,9,1,1,3,10,67.8,2.034,LIKELY_INCREASE,NN_ONLY_DEMO,21,1,0.223442,SAFE
1312,64.950,12,21,9,1,1,3,12,66.0,1.980,LIKELY_INCREASE,NN_ONLY_DEMO,21,1,0.295452,SAFE
1314,65.050,12,20,8,1,1,3,14,65.9,1.757,LIKELY_INCREASE,NN_ONLY_DEMO,20,1,0.162870,SAFE
1316,65.149,12,19,7,1,1,3,16,66.2,1.545,LIKELY_INCREASE,NN_ONLY_DEMO,19,1,0.364177,SAFE
1318,65.248,12,18,6,1,1,3,18,67.0,1.340,LIKELY_INCREASE,NN_ONLY_DEMO,18,1,0.334331,SAFE
1320,65.347,13,16,3,1,1,3,20,67.8,0.678,STABLE,NN_ONLY_DEMO,16,1,0.346543,SAFE
1322,65.446,13,15,2,0,0,3,0,69.8,0.465,STABLE,NN_ONLY_DEMO,15,1,0.357053,SAFE
1324,65.545,13,13,0,0,0,3,0,73.0,0.000,STABLE,NN_ONLY_DEMO,13,1,0.359333,SAFE
1326,65.644,13,13,0,0,0,3,0,74.6,0.000,STABLE,NN_ONLY_DEMO,13,1,0.369627,SAFE
1328,65.743,13,13,0,0,0,3,0,75.4,0.000,STABLE,NN_ONLY_DEMO,13,1,0.355830,SAFE
1330,65.842,13,13,0,0,0,3,0,74.8,0.000,STABLE,NN_ONLY_DEMO,13,1,0.344201,SAFE
1332,65.941,12,14,2,0,0,3,0,74.3,0.495,STABLE,NN_ONLY_DEMO,14,1,0.360748,SAFE
1334,66.040,12,14,2,0,0,3,0,74.3,0.495,STABLE,NN_ONLY_DEMO,14,1,0.362915,SAFE
1336,66.139,12,14,2,0,0,3,0,74.3,0.495,STABLE,NN_ONLY_DEMO,14,1,0.325965,SAFE
1338,66.238,12,14,2,0,0,3,0,74.4,0.496,STABLE,NN_ONLY_DEMO,14,1,0.316363,SAFE
1340,66.337,12,14,2,0,0,3,0,74.0,0.493,STABLE,NN_ONLY_DEMO,14,1,0.318052,SAFE
1342,66.436,13,14,1,0,0,3,0,74.0,0.247,STABLE,NN_ONLY_DEMO,14,1,0.331380,SAFE
1344,66.535,13,15,2,0,0,3,0,74.2,0.495,STABLE,NN_ONLY_DEMO,15,1,0.340675,SAFE
1346,66.634,13,14,1,0,0,3,0,74.1,0.247,STABLE,NN_ONLY_DEMO,14,1,0.321949,SAFE
1348,66.733,13,14,1,0,0,3,0,74.1,0.247,STABLE,NN_ONLY_DEMO,14,1,0.290201,SAFE
1350,66.832,13,15,2,0,0,3,0,73.6,0.491,STABLE,NN_ONLY_DEMO,15,1,0.274666,SAFE
1352,66.931,12,15,3,1,0,3,2,73.5,0.735,STABLE,NN_ONLY_DEMO,15,1,0.282839,SAFE
1354,67.030,12,16,4,1,1,3,4,72.4,0.965,LIKELY_INCREASE,NN_ONLY_DEMO,16,1,0.272101,SAFE
1356,67.129,11,17,6,1,1,3,6,71.4,1.428,LIKELY_INCREASE,NN_ONLY_DEMO,17,1,0.291023,SAFE
1358,67.228,11,17,6,1,1,3,8,71.4,1.428,LIKELY_INCREASE,NN_ONLY_DEMO,17,1,0.287307,SAFE
1360,67.327,10,18,8,1,1,3,10,71.5,1.907,STRONG_INCREASE,NN_ONLY_DEMO,18,1,0.304562,SAFE
1362,67.426,10,18,8,1,1,3,12,71.6,1.909,STRONG_INCREASE,NN_ONLY_DEMO,18,1,0.266731,SAFE
1364,67.525,10,18,8,1,1,3,14,72.4,1.931,STRONG_INCREASE,NN_ONLY_DEMO,18,1,0.248558,SAFE
1366,67.624,10,18,8,1,1,3,16,74.0,1.973,STRONG_INCREASE,NN_ONLY_DEMO,18,1,0.235523,SAFE
1368,67.723,10,19,9,1,1,3,18,73.7,2.211,STRONG_INCREASE,NN_ONLY_DEMO,19,1,0.261528,SAFE
1370,67.822,10,19,9,1,1,3,20,73.7,2.211,STRONG_INCREASE,NN_ONLY_DEMO,19,1,0.290573,SAFE
1372,67.921,10,19,9,1,1,3,22,73.5,2.205,STRONG_INCREASE,NN_ONLY_DEMO,19,1,0.310286,SAFE
1374,68.020,11,18,7,1,1,3,24,73.0,1.703,LIKELY_INCREASE,NN_ONLY_DEMO,18,1,0.299451,SAFE
1376,68.119,12,17,5,1,1,3,26,72.1,1.202,LIKELY_INCREASE,NN_ONLY_DEMO,17,1,0.281027,SAFE
1378,68.218,12,16,4,1,1,3,28,72.4,0.965,LIKELY_INCREASE,NN_ONLY_DEMO,16,1,0.268834,SAFE
1380,68.317,13,16,3,1,1,3,30,72.2,0.722,STABLE,NN_ONLY_DEMO,16,1,0.310506,SAFE
1382,68.416,13,15,2,0,0,3,0,72.0,0.480,STABLE,NN_ONLY_DEMO,15,1,0.296968,SAFE
1384,68.515,14,15,1,0,0,3,0,71.7,0.239,STABLE,NN_ONLY_DEMO,15,1,0.341044,SAFE
1386,68.614,15,14,-1,0,0,3,0,71.6,-0.239,STABLE,NN_ONLY_DEMO,14,1,0.304124,SAFE
1388,68.713,15,13,-2,0,0,3,0,72.0,-0.480,STABLE,NN_ONLY_DEMO,13,1,0.322496,SAFE
1390,68.812,15,13,-2,0,0,3,0,72.3,-0.482,STABLE,NN_ONLY_DEMO,13,1,0.333826,SAFE
1392,68.911,15,13,-2,0,0,3,0,72.7,-0.485,STABLE,NN_ONLY_DEMO,13,1,0.334306,SAFE
1394,69.010,15,13,-2,0,0,3,0,72.3,-0.482,STABLE,NN_ONLY_DEMO,13,1,0.309116,SAFE
1396,69.109,15,14,-1,0,0,3,0,72.0,-0.240,STABLE,NN_ONLY_DEMO,14,1,0.330413,SAFE
1398,69.208,15,13,-2,0,0,3,0,72.0,-0.480,STABLE,NN_ONLY_DEMO,13,1,0.338654,SAFE
1400,69.307,15,13,-2,0,0,3,0,72.0,-0.480,STABLE,NN_ONLY_DEMO,13,1,0.348349,SAFE
1402,69.406,14,13,-1,0,0,3,0,71.3,-0.238,STABLE,NN_ONLY_DEMO,13,1,0.365337,SAFE
1404,69.505,15,13,-2,0,0,3,0,70.4,-0.469,STABLE,NN_ONLY_DEMO,13,1,0.384320,SAFE
1406,69.604,15,12,-3,0,0,3,0,70.0,-0.700,STABLE,NN_ONLY_DEMO,12,1,0.388366,SAFE
1408,69.703,14,12,-2,0,0,3,0,70.2,-0.468,STABLE,NN_ONLY_DEMO,12,1,0.394259,SAFE
1410,69.802,14,12,-2,0,0,3,0,70.3,-0.469,STABLE,NN_ONLY_DEMO,12,1,0.413104,SAFE
1412,69.901,14,11,-3,0,0,3,0,70.3,-0.703,STABLE,NN_ONLY_DEMO,11,1,0.378613,SAFE
1414,70.000,14,11,-3,0,0,3,0,71.0,-0.710,STABLE,NN_ONLY_DEMO,11,1,0.384186,SAFE
1416,70.099,14,11,-3,0,0,3,0,72.3,-0.723,STABLE,NN_ONLY_DEMO,11,1,0.392085,SAFE
1418,70.198,13,11,-2,0,0,3,0,71.9,-0.479,STABLE,NN_ONLY_DEMO,11,1,0.386924,SAFE
1420,70.297,12,12,0,0,0,3,0,70.3,0.000,STABLE,NN_ONLY_DEMO,12,1,0.483658,SAFE
1422,70.396,12,12,0,0,0,3,0,69.7,0.000,STABLE,NN_ONLY_DEMO,12,1,0.390125,SAFE
1424,70.495,11,13,2,0,0,3,0,69.7,0.465,STABLE,NN_ONLY_DEMO,13,1,0.406725,SAFE
1426,70.594,10,13,3,1,0,3,2,71.0,0.710,STABLE,NN_ONLY_DEMO,13,1,0.200925,SAFE
1428,70.693,10,15,5,1,1,3,4,71.5,1.192,LIKELY_INCREASE,NN_ONLY_DEMO,15,1,0.234942,SAFE
1430,70.792,12,16,4,1,1,3,6,69.6,0.928,LIKELY_INCREASE,NN_ONLY_DEMO,16,1,0.227276,SAFE
1432,70.891,13,18,5,1,1,3,8,67.6,1.127,LIKELY_INCREASE,NN_ONLY_DEMO,18,1,0.232857,SAFE
1434,70.990,14,17,3,1,1,3,10,67.7,0.677,STABLE,NN_ONLY_DEMO,17,1,0.233904,SAFE
1436,71.089,15,17,2,0,0,3,0,69.2,0.461,STABLE,NN_ONLY_DEMO,17,1,0.238491,SAFE
1438,71.188,16,16,0,0,0,3,0,71.2,0.000,STABLE,NN_ONLY_DEMO,16,1,0.234984,SAFE
1440,71.287,16,16,0,0,0,3,0,72.6,0.000,STABLE,NN_ONLY_DEMO,16,1,0.247822,SAFE
1442,71.386,16,16,0,0,0,3,0,72.6,0.000,STABLE,NN_ONLY_DEMO,16,1,0.216621,SAFE
1444,71.485,16,16,0,0,0,3,0,72.8,0.000,STABLE,NN_ONLY_DEMO,16,1,0.224895,SAFE
1446,71.584,16,16,0,0,0,3,0,73.8,0.000,STABLE,NN_ONLY_DEMO,16,1,0.220487,SAFE
1448,71.683,16,17,1,0,0,3,0,74.1,0.247,STABLE,NN_ONLY_DEMO,17,1,0.220199,SAFE
1450,71.782,16,17,1,0,0,3,0,74.1,0.247,STABLE,NN_ONLY_DEMO,17,1,0.204210,SAFE
1452,71.881,16,17,1,0,0,3,0,74.1,0.247,STABLE,NN_ONLY_DEMO,17,1,0.226520,SAFE
1454,71.980,16,17,1,0,0,3,0,74.5,0.248,STABLE,NN_ONLY_DEMO,17,1,0.226663,SAFE
1456,72.079,16,17,1,0,0,3,0,75.0,0.250,STABLE,NN_ONLY_DEMO,17,1,0.269572,SAFE
1458,72.178,16,16,0,0,0,3,0,74.9,0.000,STABLE,NN_ONLY_DEMO,16,1,0.244486,SAFE
1460,72.277,16,16,0,0,0,3,0,74.9,0.000,STABLE,NN_ONLY_DEMO,16,1,0.250022,SAFE
1462,72.376,17,15,-2,0,0,3,0,74.9,-0.499,STABLE,NN_ONLY_DEMO,15,1,0.229284,SAFE
1464,72.475,17,15,-2,0,0,3,0,74.9,-0.499,STABLE,NN_ONLY_DEMO,15,1,0.224053,SAFE
1466,72.574,17,16,-1,0,0,3,0,74.6,-0.249,STABLE,NN_ONLY_DEMO,16,1,0.238073,SAFE
1468,72.673,18,16,-2,0,0,3,0,74.1,-0.494,STABLE,NN_ONLY_DEMO,16,1,0.240587,SAFE
1470,72.772,18,15,-3,0,0,3,0,74.1,-0.741,STABLE,NN_ONLY_DEMO,15,1,0.231211,SAFE
1472,72.871,18,15,-3,0,0,3,0,74.4,-0.744,STABLE,NN_ONLY_DEMO,15,1,0.262742,SAFE
1474,72.970,18,15,-3,0,0,3,0,73.7,-0.737,STABLE,NN_ONLY_DEMO,15,1,0.256011,SAFE
1476,73.069,18,15,-3,0,0,3,0,72.7,-0.727,STABLE,NN_ONLY_DEMO,15,1,0.263058,SAFE
1478,73.168,17,14,-3,0,0,3,0,71.7,-0.717,STABLE,NN_ONLY_DEMO,14,1,0.200406,SAFE
1480,73.267,17,16,-1,0,0,3,0,71.4,-0.238,STABLE,NN_ONLY_DEMO,16,1,0.210100,SAFE
1482,73.366,16,16,0,0,0,3,0,71.3,0.000,STABLE,NN_ONLY_DEMO,16,1,0.210494,SAFE
1484,73.465,16,16,0,0,0,3,0,71.0,0.000,STABLE,NN_ONLY_DEMO,16,1,0.215341,SAFE
1486,73.564,16,17,1,0,0,3,0,71.0,0.237,STABLE,NN_ONLY_DEMO,17,1,0.215399,SAFE
1488,73.663,16,17,1,0,0,3,0,72.0,0.240,STABLE,NN_ONLY_DEMO,17,1,0.221354,SAFE
1490,73.762,16,17,1,0,0,3,0,73.7,0.246,STABLE,NN_ONLY_DEMO,17,1,0.239338,SAFE
1492,73.861,16,17,1,0,0,3,0,74.0,0.247,STABLE,NN_ONLY_DEMO,17,1,0.269554,SAFE
1494,73.960,16,16,0,0,0,3,0,74.3,0.000,STABLE,NN_ONLY_DEMO,16,1,0.247852,SAFE
1496,74.059,16,15,-1,0,0,3,0,74.6,-0.249,STABLE,NN_ONLY_DEMO,15,1,0.261049,SAFE
1498,74.158,16,15,-1,0,0,3,0,74.7,-0.249,STABLE,NN_ONLY_DEMO,15,1,0.240383,SAFE
1500,74.257,17,15,-2,0,0,3,0,74.9,-0.499,STABLE,NN_ONLY_DEMO,15,1,0.254516,SAFE
1502,74.356,17,15,-2,0,0,3,0,74.9,-0.499,STABLE,NN_ONLY_DEMO,15,1,0.239204,SAFE
1504,74.455,16,15,-1,0,0,3,0,74.7,-0.249,STABLE,NN_ONLY_DEMO,15,1,0.233610,SAFE
1506,74.554,16,15,-1,0,0,3,0,74.1,-0.247,STABLE,NN_ONLY_DEMO,15,1,0.224105,SAFE
1508,74.653,15,16,1,0,0,3,0,73.8,0.246,STABLE,NN_ONLY_DEMO,16,1,0.228654,SAFE
1510,74.752,15,17,2,0,0,3,0,74.1,0.494,STABLE,NN_ONLY_DEMO,17,1,0.234181,SAFE
1512,74.851,15,17,2,0,0,3,0,74.6,0.497,STABLE,NN_ONLY_DEMO,17,1,0.239398,SAFE
1514,74.950,15,16,1,0,0,3,0,74.7,0.249,STABLE,NN_ONLY_DEMO,16,1,0.231356,SAFE
1516,75.050,15,16,1,0,0,3,0,74.5,0.248,STABLE,NN_ONLY_DEMO,16,1,0.231044,SAFE
1518,75.149,16,16,0,0,0,3,0,74.5,0.000,STABLE,NN_ONLY_DEMO,16,1,0.234076,SAFE
1520,75.248,16,16,0,0,0,3,0,74.6,0.000,STABLE,NN_ONLY_DEMO,16,1,0.212139,SAFE
1522,75.347,16,16,0,0,0,3,0,74.5,0.000,STABLE,NN_ONLY_DEMO,16,1,0.226576,SAFE
1524,75.446,16,16,0,0,0,3,0,73.7,0.000,STABLE,NN_ONLY_DEMO,16,1,0.257103,SAFE
1526,75.545,17,16,-1,0,0,3,0,73.6,-0.245,STABLE,NN_ONLY_DEMO,16,1,0.261700,SAFE
1528,75.644,17,15,-2,0,0,3,0,74.0,-0.493,STABLE,NN_ONLY_DEMO,15,1,0.280731,SAFE
1530,75.743,18,14,-4,0,0,3,0,73.9,-0.985,LIKELY_DROP,NN_ONLY_DEMO,14,1,0.243211,SAFE
1532,75.842,18,14,-4,0,0,3,0,73.9,-0.985,LIKELY_DROP,NN_ONLY_DEMO,14,1,0.250181,SAFE
1534,75.941,18,14,-4,0,0,3,0,73.9,-0.985,LIKELY_DROP,NN_ONLY_DEMO,14,1,0.210961,SAFE
1536,76.040,17,15,-2,0,0,3,0,74.1,-0.494,STABLE,NN_ONLY_DEMO,15,1,0.199536,SAFE
1538,76.139,17,16,-1,0,0,3,0,74.2,-0.247,STABLE,NN_ONLY_DEMO,16,1,0.182377,SAFE
1540,76.238,17,17,0,0,0,3,0,74.3,0.000,STABLE,NN_ONLY_DEMO,17,1,0.178933,SAFE
1542,76.337,17,17,0,0,0,3,0,74.6,0.000,STABLE,NN_ONLY_DEMO,17,1,0.163689,SAFE
1544,76.436,17,18,1,0,0,3,0,74.8,0.249,STABLE,NN_ONLY_DEMO,18,1,0.188305,SAFE
1546,76.535,17,18,1,0,0,3,0,74.7,0.249,STABLE,NN_ONLY_DEMO,18,1,0.155131,SAFE
1548,76.634,16,18,2,0,0,3,0,74.4,0.496,STABLE,NN_ONLY_DEMO,18,1,0.145676,SAFE
1550,76.733,16,19,3,1,0,3,2,74.3,0.743,STABLE,NN_ONLY_DEMO,19,1,0.134821,SAFE
1552,76.832,16,19,3,1,1,3,4,74.5,0.745,STABLE,NN_ONLY_DEMO,19,1,0.131988,SAFE
1554,76.931,16,20,4,1,1,3,6,75.0,1.000,LIKELY_INCREASE,NN_ONLY_DEMO,20,1,0.132214,SAFE
1556,77.030,16,20,4,1,1,3,8,75.2,1.003,LIKELY_INCREASE,NN_ONLY_DEMO,20,1,0.149249,SAFE
1558,77.129,16,20,4,1,1,3,10,75.6,1.008,LIKELY_INCREASE,NN_ONLY_DEMO,20,1,0.153162,SAFE
1560,77.228,16,20,4,1,1,3,12,75.7,1.009,LIKELY_INCREASE,NN_ONLY_DEMO,20,1,0.158986,SAFE
1562,77.327,16,19,3,1,1,3,14,76.0,0.760,STABLE,NN_ONLY_DEMO,19,1,0.160457,SAFE
1564,77.426,16,19,3,1,1,3,16,75.3,0.753,STABLE,NN_ONLY_DEMO,19,1,0.168278,SAFE
1566,77.525,16,19,3,1,1,3,18,74.9,0.749,STABLE,NN_ONLY_DEMO,19,1,0.167101,SAFE
1568,77.624,17,19,2,0,0,3,0,74.7,0.498,STABLE,NN_ONLY_DEMO,19,1,0.169812,SAFE
1570,77.723,17,18,1,0,0,3,0,74.6,0.249,STABLE,NN_ONLY_DEMO,18,1,0.165474,SAFE
1572,77.822,17,18,1,0,0,3,0,74.7,0.249,STABLE,NN_ONLY_DEMO,18,1,0.158012,SAFE
1574,77.921,17,18,1,0,0,3,0,74.8,0.249,STABLE,NN_ONLY_DEMO,18,1,0.157000,SAFE
1576,78.020,17,18,1,0,0,3,0,74.8,0.249,STABLE,NN_ONLY_DEMO,18,1,0.162692,SAFE
1578,78.119,17,18,1,0,0,3,0,74.7,0.249,STABLE,NN_ONLY_DEMO,18,1,0.170244,SAFE
1580,78.218,17,19,2,0,0,3,0,74.3,0.495,STABLE,NN_ONLY_DEMO,19,1,0.199370,SAFE
1582,78.317,17,18,1,0,0,3,0,73.8,0.246,STABLE,NN_ONLY_DEMO,18,1,0.167063,SAFE
1584,78.416,17,18,1,0,0,3,0,73.5,0.245,STABLE,NN_ONLY_DEMO,18,1,0.162104,SAFE
1586,78.515,17,18,1,0,0,3,0,73.3,0.244,STABLE,NN_ONLY_DEMO,18,1,0.145155,SAFE
1588,78.614,17,18,1,0,0,3,0,73.2,0.244,STABLE,NN_ONLY_DEMO,18,1,0.154577,SAFE
1590,78.713,16,19,3,1,0,3,1,72.8,0.728,STABLE,NN_ONLY_DEMO,19,1,0.143973,SAFE
1592,78.812,16,19,3,1,1,3,3,72.8,0.728,STABLE,NN_ONLY_DEMO,19,1,0.164451,SAFE
1594,78.911,16,19,3,1,1,3,5,73.5,0.735,STABLE,NN_ONLY_DEMO,19,1,0.185362,SAFE
1596,79.010,16,19,3,1,1,3,7,73.8,0.738,STABLE,NN_ONLY_DEMO,19,1,0.183722,SAFE
1598,79.109,16,19,3,1,1,3,9,74.2,0.742,STABLE,NN_ONLY_DEMO,19,1,0.187621,SAFE
1600,79.208,16,18,2,0,0,3,0,74.0,0.493,STABLE,NN_ONLY_DEMO,18,1,0.183059,SAFE
1602,79.307,17,17,0,0,0,3,0,74.2,0.000,STABLE,NN_ONLY_DEMO,17,1,0.202856,SAFE
1604,79.406,17,17,0,0,0,3,0,74.9,0.000,STABLE,NN_ONLY_DEMO,17,1,0.164736,SAFE
1606,79.505,17,18,1,0,0,3,0,74.9,0.250,STABLE,NN_ONLY_DEMO,18,1,0.163588,SAFE
1608,79.604,17,18,1,0,0,3,0,74.9,0.250,STABLE,NN_ONLY_DEMO,18,1,0.181064,SAFE
1610,79.703,16,18,2,0,0,3,0,74.7,0.498,STABLE,NN_ONLY_DEMO,18,1,0.160046,SAFE
1612,79.802,16,18,2,0,0,3,0,74.7,0.498,STABLE,NN_ONLY_DEMO,18,1,0.190372,SAFE
1614,79.901,16,18,2,0,0,3,0,74.8,0.499,STABLE,NN_ONLY_DEMO,18,1,0.134723,SAFE
1616,80.000,16,19,3,1,0,3,1,74.0,0.740,STABLE,NN_ONLY_DEMO,19,1,0.233804,SAFE
1618,80.099,17,18,1,0,0,3,0,73.1,0.244,STABLE,NN_ONLY_DEMO,18,1,0.206909,SAFE
1620,80.198,17,18,1,0,0,3,0,72.4,0.241,STABLE,NN_ONLY_DEMO,18,1,0.155273,SAFE
1622,80.297,18,17,-1,0,0,3,0,72.1,-0.240,STABLE,NN_ONLY_DEMO,17,1,0.138190,SAFE
1624,80.396,18,18,0,0,0,3,0,72.2,0.000,STABLE,NN_ONLY_DEMO,18,1,0.162249,SAFE
1626,80.495,17,18,1,0,0,3,0,71.3,0.238,STABLE,NN_ONLY_DEMO,18,1,0.120530,SAFE
1628,80.594,16,20,4,1,0,3,1,70.4,0.939,LIKELY_INCREASE,NN_ONLY_DEMO,20,1,0.128958,SAFE
1630,80.693,15,20,5,1,1,3,3,70.4,1.173,LIKELY_INCREASE,NN_ONLY_DEMO,20,1,0.118064,SAFE
1632,80.792,15,20,5,1,1,3,5,71.3,1.188,LIKELY_INCREASE,NN_ONLY_DEMO,20,1,0.130384,SAFE
1634,80.891,14,21,7,1,1,3,7,72.7,1.696,LIKELY_INCREASE,NN_ONLY_DEMO,21,1,0.126082,SAFE
1636,80.990,14,21,7,1,1,3,9,73.2,1.708,LIKELY_INCREASE,NN_ONLY_DEMO,21,1,0.138994,SAFE
1638,81.089,14,20,6,1,1,3,11,73.3,1.466,LIKELY_INCREASE,NN_ONLY_DEMO,20,1,0.128184,SAFE
1640,81.188,14,21,7,1,1,3,13,72.8,1.699,LIKELY_INCREASE,NN_ONLY_DEMO,21,1,0.159884,SAFE
1642,81.287,14,20,6,1,1,3,15,72.7,1.454,LIKELY_INCREASE,NN_ONLY_DEMO,20,1,0.138556,SAFE
1644,81.386,14,21,7,1,1,3,17,72.7,1.696,LIKELY_INCREASE,NN_ONLY_DEMO,21,1,0.125656,SAFE
1646,81.485,13,21,8,1,1,3,19,72.2,1.925,STRONG_INCREASE,NN_ONLY_DEMO,21,1,0.114667,SAFE
1648,81.584,13,21,8,1,1,3,21,72.0,1.920,STRONG_INCREASE,NN_ONLY_DEMO,21,1,0.121376,SAFE
1650,81.683,13,22,9,1,1,3,23,71.9,2.157,STRONG_INCREASE,NN_ONLY_DEMO,22,1,0.105827,SAFE
1652,81.782,12,22,10,1,1,3,25,71.8,2.393,STRONG_INCREASE,NN_ONLY_DEMO,22,1,0.110834,SAFE
1654,81.881,12,22,10,1,1,3,27,71.9,2.397,STRONG_INCREASE,NN_ONLY_DEMO,22,1,0.100200,SAFE
1656,81.980,12,23,11,1,1,3,29,71.7,2.629,STRONG_INCREASE,NN_ONLY_DEMO,23,1,0.105371,SAFE
1658,82.079,12,23,11,1,1,3,31,71.9,2.636,STRONG_INCREASE,NN_ONLY_DEMO,23,1,0.100023,SAFE
1660,82.178,13,22,9,1,1,3,33,72.0,2.160,STRONG_INCREASE,NN_ONLY_DEMO,22,1,0.099517,SAFE
1662,82.277,13,22,9,1,1,3,35,72.5,2.175,STRONG_INCREASE,NN_ONLY_DEMO,22,1,0.100260,SAFE
1664,82.376,13,22,9,1,1,3,37,73.4,2.202,STRONG_INCREASE,NN_ONLY_DEMO,22,1,0.104797,SAFE
1666,82.475,13,22,9,1,1,3,39,73.8,2.214,STRONG_INCREASE,NN_ONLY_DEMO,22,1,0.106681,SAFE
1668,82.574,13,22,9,1,1,3,41,73.9,2.217,STRONG_INCREASE,NN_ONLY_DEMO,22,1,0.117817,SAFE
1670,82.673,13,22,9,1,1,3,43,72.6,2.178,STRONG_INCREASE,NN_ONLY_DEMO,22,1,0.109543,SAFE
1672,82.772,12,22,10,1,1,3,45,72.0,2.400,STRONG_INCREASE,NN_ONLY_DEMO,22,1,0.116719,SAFE
1674,82.871,12,22,10,1,1,3,47,71.9,2.397,STRONG_INCREASE,NN_ONLY_DEMO,22,1,0.113171,SAFE
1676,82.970,12,22,10,1,1,3,49,71.3,2.377,STRONG_INCREASE,NN_ONLY_DEMO,22,1,0.123184,SAFE
1678,83.069,12,22,10,1,1,3,51,71.0,2.367,STRONG_INCREASE,NN_ONLY_DEMO,22,1,0.112063,SAFE
1680,83.168,12,22,10,1,1,3,53,71.3,2.377,STRONG_INCREASE,NN_ONLY_DEMO,22,1,0.114647,SAFE
1682,83.267,12,22,10,1,1,3,55,71.7,2.390,STRONG_INCREASE,NN_ONLY_DEMO,22,1,0.106113,SAFE
1684,83.366,12,22,10,1,1,3,57,71.7,2.390,STRONG_INCREASE,NN_ONLY_DEMO,22,1,0.103195,SAFE
1686,83.465,12,23,11,1,1,3,59,71.7,2.629,STRONG_INCREASE,NN_ONLY_DEMO,23,1,0.106554,SAFE
1688,83.564,11,23,12,1,1,3,61,72.0,2.880,STRONG_INCREASE,NN_ONLY_DEMO,23,1,0.112384,SAFE
1690,83.663,11,23,12,1,1,3,63,73.0,2.920,STRONG_INCREASE,NN_ONLY_DEMO,23,1,0.122064,SAFE
1692,83.762,11,23,12,1,1,3,65,73.0,2.920,STRONG_INCREASE,NN_ONLY_DEMO,23,1,0.146318,SAFE
1694,83.861,11,23,12,1,1,3,67,73.2,2.928,STRONG_INCREASE,NN_ONLY_DEMO,23,1,0.128683,SAFE
1696,83.960,11,23,12,1,1,3,69,73.5,2.940,STRONG_INCREASE,NN_ONLY_DEMO,23,1,0.157460,SAFE
1698,84.059,12,21,9,1,1,3,71,73.5,2.205,STRONG_INCREASE,NN_ONLY_DEMO,21,1,0.126249,SAFE
1700,84.158,12,22,10,1,1,3,73,73.0,2.433,STRONG_INCREASE,NN_ONLY_DEMO,22,1,0.131226,SAFE
1702,84.257,12,21,9,1,1,3,75,73.0,2.190,STRONG_INCREASE,NN_ONLY_DEMO,21,1,0.121148,SAFE
1704,84.356,12,22,10,1,1,3,77,72.6,2.420,STRONG_INCREASE,NN_ONLY_DEMO,22,1,0.122622,SAFE
1706,84.455,12,22,10,1,1,3,79,72.6,2.420,STRONG_INCREASE,NN_ONLY_DEMO,22,1,0.113075,SAFE
1708,84.554,13,22,9,1,1,3,81,72.7,2.181,STRONG_INCREASE,NN_ONLY_DEMO,22,1,0.113471,SAFE
1710,84.653,13,22,9,1,1,3,83,72.8,2.184,STRONG_INCREASE,NN_ONLY_DEMO,22,1,0.110391,SAFE
1712,84.752,13,22,9,1,1,3,85,73.2,2.196,STRONG_INCREASE,NN_ONLY_DEMO,22,1,0.113328,SAFE
1714,84.851,13,22,9,1,1,3,87,73.7,2.211,STRONG_INCREASE,NN_ONLY_DEMO,22,1,0.117747,SAFE
1716,84.950,13,22,9,1,1,3,89,74.3,2.229,STRONG_INCREASE,NN_ONLY_DEMO,22,1,0.123532,SAFE
1718,85.050,13,22,9,1,1,3,91,74.3,2.229,STRONG_INCREASE,NN_ONLY_DEMO,22,1,0.122215,SAFE
1720,85.149,13,21,8,1,1,3,93,74.5,1.987,STRONG_INCREASE,NN_ONLY_DEMO,21,1,0.125292,SAFE
1722,85.248,14,21,7,1,1,3,95,74.8,1.745,LIKELY_INCREASE,NN_ONLY_DEMO,21,1,0.121223,SAFE
1724,85.347,14,21,7,1,1,3,97,74.8,1.745,LIKELY_INCREASE,NN_ONLY_DEMO,21,1,0.124115,SAFE
1726,85.446,13,21,8,1,1,3,99,74.5,1.987,STRONG_INCREASE,NN_ONLY_DEMO,21,1,0.121356,SAFE
1728,85.545,13,21,8,1,1,3,101,74.5,1.987,STRONG_INCREASE,NN_ONLY_DEMO,21,1,0.127860,SAFE
1730,85.644,13,21,8,1,1,3,103,74.5,1.987,STRONG_INCREASE,NN_ONLY_DEMO,21,1,0.118722,SAFE
1732,85.743,13,21,8,1,1,3,105,74.6,1.989,STRONG_INCREASE,NN_ONLY_DEMO,21,1,0.117883,SAFE
1734,85.842,13,21,8,1,1,3,107,74.7,1.992,STRONG_INCREASE,NN_ONLY_DEMO,21,1,0.111808,SAFE
1736,85.941,14,21,7,1,1,3,109,74.5,1.738,LIKELY_INCREASE,NN_ONLY_DEMO,21,1,0.110493,SAFE
1738,86.040,14,21,7,1,1,3,111,74.6,1.741,LIKELY_INCREASE,NN_ONLY_DEMO,21,1,0.107062,SAFE
1740,86.139,14,22,8,1,1,3,113,74.2,1.979,STRONG_INCREASE,NN_ONLY_DEMO,22,1,0.137932,SAFE
1742,86.238,14,21,7,1,1,3,115,73.7,1.720,LIKELY_INCREASE,NN_ONLY_DEMO,21,1,0.122553,SAFE
1744,86.337,15,20,5,1,1,3,117,73.9,1.232,LIKELY_INCREASE,NN_ONLY_DEMO,20,1,0.137512,SAFE
1746,86.436,15,20,5,1,1,3,119,74.1,1.235,LIKELY_INCREASE,NN_ONLY_DEMO,20,1,0.147794,SAFE
1748,86.535,14,20,6,1,1,3,121,74.1,1.482,LIKELY_INCREASE,NN_ONLY_DEMO,20,1,0.282813,SAFE
1750,86.634,13,19,6,1,1,3,123,67.3,1.346,LIKELY_INCREASE,NN_ONLY_DEMO,19,1,0.215804,SAFE
1752,86.733,11,20,9,1,1,3,125,62.5,1.875,LIKELY_INCREASE,NN_ONLY_DEMO,20,1,0.282422,SAFE
1754,86.832,10,19,9,0,0,3,0,59.5,1.785,LIKELY_INCREASE,NN_ONLY_DEMO,19,1,0.233823,SAFE
1756,86.931,8,20,12,0,0,3,0,57.6,2.304,LIKELY_INCREASE,NN_ONLY_DEMO,20,1,0.301713,SAFE
1758,87.030,8,21,13,0,0,3,0,58.0,2.513,LIKELY_INCREASE,NN_ONLY_DEMO,21,1,0.264953,SAFE
1760,87.129,8,19,11,0,0,3,0,58.7,2.152,LIKELY_INCREASE,NN_ONLY_DEMO,19,1,0.330427,SAFE
1762,87.228,10,18,8,1,0,3,1,61.5,1.640,LIKELY_INCREASE,NN_ONLY_DEMO,18,1,0.293782,SAFE
1764,87.327,11,16,5,1,1,3,3,64.3,1.072,LIKELY_INCREASE,NN_ONLY_DEMO,16,1,0.315922,SAFE
1766,87.426,12,15,3,1,1,3,5,67.4,0.674,STABLE,NN_ONLY_DEMO,15,1,0.256729,SAFE
1768,87.525,13,15,2,0,0,3,0,71.4,0.476,STABLE,NN_ONLY_DEMO,15,1,0.296193,SAFE
1770,87.624,13,15,2,0,0,3,0,72.3,0.482,STABLE,NN_ONLY_DEMO,15,1,0.262105,SAFE
1772,87.723,13,15,2,0,0,3,0,73.0,0.487,STABLE,NN_ONLY_DEMO,15,1,0.285804,SAFE
1774,87.822,13,16,3,1,0,3,2,73.0,0.730,STABLE,NN_ONLY_DEMO,16,1,0.243324,SAFE
1776,87.921,13,15,2,0,0,3,0,73.2,0.488,STABLE,NN_ONLY_DEMO,15,1,0.267387,SAFE
1778,88.020,13,16,3,1,0,3,2,73.3,0.733,STABLE,NN_ONLY_DEMO,16,1,0.216818,SAFE
1780,88.119,13,17,4,1,1,3,4,73.3,0.977,LIKELY_INCREASE,NN_ONLY_DEMO,17,1,0.259592,SAFE
1782,88.218,12,17,5,1,1,3,6,73.1,1.218,LIKELY_INCREASE,NN_ONLY_DEMO,17,1,0.206830,SAFE
1784,88.317,12,17,5,1,1,3,8,72.8,1.213,LIKELY_INCREASE,NN_ONLY_DEMO,17,1,0.237528,SAFE
1786,88.416,12,17,5,1,1,3,10,71.7,1.195,LIKELY_INCREASE,NN_ONLY_DEMO,17,1,0.187716,SAFE
1788,88.515,12,18,6,1,1,3,12,70.4,1.408,LIKELY_INCREASE,NN_ONLY_DEMO,18,1,0.227309,SAFE
1790,88.614,12,18,6,1,1,3,14,69.8,1.396,LIKELY_INCREASE,NN_ONLY_DEMO,18,1,0.186043,SAFE
1792,88.713,12,19,7,1,1,3,16,69.4,1.619,LIKELY_INCREASE,NN_ONLY_DEMO,19,1,0.219561,SAFE
1794,88.812,12,19,7,1,1,3,18,69.3,1.617,LIKELY_INCREASE,NN_ONLY_DEMO,19,1,0.185852,SAFE
1796,88.911,13,18,5,1,1,3,20,69.3,1.155,LIKELY_INCREASE,NN_ONLY_DEMO,18,1,0.220221,SAFE
1798,89.010,13,18,5,1,1,3,22,69.5,1.158,LIKELY_INCREASE,NN_ONLY_DEMO,18,1,0.187650,SAFE
1800,89.109,13,18,5,1,1,3,24,70.1,1.168,LIKELY_INCREASE,NN_ONLY_DEMO,18,1,0.229081,SAFE
1802,89.208,13,18,5,1,1,3,26,69.8,1.163,LIKELY_INCREASE,NN_ONLY_DEMO,18,1,0.178837,SAFE
1804,89.307,12,19,7,1,1,3,28,69.6,1.624,LIKELY_INCREASE,NN_ONLY_DEMO,19,1,0.211838,SAFE
1806,89.406,12,19,7,1,1,3,30,69.4,1.619,LIKELY_INCREASE,NN_ONLY_DEMO,19,1,0.169097,SAFE
1808,89.505,12,19,7,1,1,3,32,69.1,1.612,LIKELY_INCREASE,NN_ONLY_DEMO,19,1,0.199081,SAFE
1810,89.604,12,19,7,1,1,3,34,69.1,1.612,LIKELY_INCREASE,NN_ONLY_DEMO,19,1,0.162297,SAFE
1812,89.703,12,19,7,1,1,3,36,69.1,1.612,LIKELY_INCREASE,NN_ONLY_DEMO,19,1,0.193025,SAFE
1814,89.802,12,19,7,1,1,3,38,69.1,1.612,LIKELY_INCREASE,NN_ONLY_DEMO,19,1,0.156408,SAFE
1816,89.901,12,20,8,1,1,3,40,68.6,1.829,LIKELY_INCREASE,NN_ONLY_DEMO,20,1,0.190559,SAFE
1818,90.000,12,20,8,1,1,3,42,68.4,1.824,LIKELY_INCREASE,NN_ONLY_DEMO,20,1,0.152671,SAFE
1820,90.099,13,20,7,1,1,3,44,68.4,1.596,LIKELY_INCREASE,NN_ONLY_DEMO,20,1,0.186299,SAFE
1822,90.198,13,19,6,1,1,3,46,67.9,1.358,LIKELY_INCREASE,NN_ONLY_DEMO,19,1,0.148004,SAFE
1824,90.297,13,20,7,1,1,3,48,67.6,1.577,LIKELY_INCREASE,NN_ONLY_DEMO,20,1,0.164745,SAFE
1826,90.396,12,20,8,1,1,3,50,67.6,1.803,LIKELY_INCREASE,NN_ONLY_DEMO,20,1,0.137382,SAFE
1828,90.495,12,20,8,1,1,3,52,67.9,1.811,LIKELY_INCREASE,NN_ONLY_DEMO,20,1,0.160159,SAFE
1830,90.594,12,21,9,1,1,3,54,68.1,2.043,LIKELY_INCREASE,NN_ONLY_DEMO,21,1,0.130221,SAFE
1832,90.693,12,21,9,1,1,3,56,68.5,2.055,LIKELY_INCREASE,NN_ONLY_DEMO,21,1,0.157745,SAFE
1834,90.792,11,21,10,1,1,3,58,69.8,2.327,LIKELY_INCREASE,NN_ONLY_DEMO,21,1,0.135293,SAFE
1836,90.891,12,21,9,1,1,3,60,69.8,2.094,LIKELY_INCREASE,NN_ONLY_DEMO,21,1,0.150732,SAFE
1838,90.990,12,21,9,1,1,3,62,70.0,2.100,STRONG_INCREASE,NN_ONLY_DEMO,21,1,0.124632,SAFE
1840,91.089,12,21,9,1,1,3,64,70.6,2.118,STRONG_INCREASE,NN_ONLY_DEMO,21,1,0.143841,SAFE
1842,91.188,12,21,9,1,1,3,66,70.6,2.118,STRONG_INCREASE,NN_ONLY_DEMO,21,1,0.114154,SAFE
1844,91.287,12,21,9,1,1,3,68,70.6,2.118,STRONG_INCREASE,NN_ONLY_DEMO,21,1,0.128507,SAFE
1846,91.386,12,22,10,1,1,3,70,70.6,2.353,STRONG_INCREASE,NN_ONLY_DEMO,22,1,0.114852,SAFE
1848,91.485,12,22,10,1,1,3,72,71.1,2.370,STRONG_INCREASE,NN_ONLY_DEMO,22,1,0.137686,SAFE
1850,91.584,11,22,11,1,1,3,74,71.5,2.622,STRONG_INCREASE,NN_ONLY_DEMO,22,1,0.111437,SAFE
1852,91.683,11,22,11,1,1,3,76,71.3,2.614,STRONG_INCREASE,NN_ONLY_DEMO,22,1,0.122411,SAFE
1854,91.782,12,22,10,1,1,3,78,71.3,2.377,STRONG_INCREASE,NN_ONLY_DEMO,22,1,0.103924,SAFE
1856,91.881,12,22,10,1,1,3,80,71.3,2.377,STRONG_INCREASE,NN_ONLY_DEMO,22,1,0.112783,SAFE
1858,91.980,11,22,11,1,1,3,82,71.0,2.603,STRONG_INCREASE,NN_ONLY_DEMO,22,1,0.092526,SAFE
1860,92.079,11,23,12,1,1,3,84,70.8,2.832,STRONG_INCREASE,NN_ONLY_DEMO,23,1,0.103109,SAFE
1862,92.178,11,23,12,1,1,3,86,71.0,2.840,STRONG_INCREASE,NN_ONLY_DEMO,23,1,0.094921,SAFE
1864,92.277,11,23,12,1,1,3,88,71.7,2.868,STRONG_INCREASE,NN_ONLY_DEMO,23,1,0.107314,SAFE
1866,92.376,10,23,13,1,1,3,90,71.9,3.116,STRONG_INCREASE,NN_ONLY_DEMO,23,1,0.090725,SAFE
1868,92.475,10,24,14,1,1,3,92,71.2,3.323,STRONG_INCREASE,NN_ONLY_DEMO,24,1,0.100330,SAFE
1870,92.574,10,23,13,1,1,3,94,70.8,3.068,STRONG_INCREASE,NN_ONLY_DEMO,23,1,0.085550,SAFE
1872,92.673,10,24,14,1,1,3,96,69.9,3.262,LIKELY_INCREASE,NN_ONLY_DEMO,24,1,0.099013,SAFE
1874,92.772,10,24,14,1,1,3,98,69.5,3.243,LIKELY_INCREASE,NN_ONLY_DEMO,24,1,0.084257,SAFE
1876,92.871,11,24,13,1,1,3,100,68.9,2.986,LIKELY_INCREASE,NN_ONLY_DEMO,24,1,0.097756,SAFE
1878,92.970,11,23,12,1,1,3,102,69.2,2.768,LIKELY_INCREASE,NN_ONLY_DEMO,23,1,0.083980,SAFE
1880,93.069,12,23,11,1,1,3,104,69.7,2.556,LIKELY_INCREASE,NN_ONLY_DEMO,23,1,0.100680,SAFE
1882,93.168,12,23,11,1,1,3,106,69.4,2.545,LIKELY_INCREASE,NN_ONLY_DEMO,23,1,0.081847,SAFE
1884,93.267,12,23,11,1,1,3,108,69.4,2.545,LIKELY_INCREASE,NN_ONLY_DEMO,23,1,0.088398,SAFE
1886,93.366,12,23,11,1,1,3,110,69.1,2.534,LIKELY_INCREASE,NN_ONLY_DEMO,23,1,0.075966,SAFE
1888,93.465,11,24,13,1,1,3,112,69.0,2.990,LIKELY_INCREASE,NN_ONLY_DEMO,24,1,0.090550,SAFE
1890,93.564,11,24,13,1,1,3,114,69.1,2.994,LIKELY_INCREASE,NN_ONLY_DEMO,24,1,0.080239,SAFE
1892,93.663,11,24,13,1,1,3,116,68.9,2.986,LIKELY_INCREASE,NN_ONLY_DEMO,24,1,0.095521,SAFE
1894,93.762,12,23,11,1,1,3,118,69.6,2.552,LIKELY_INCREASE,NN_ONLY_DEMO,23,1,0.077894,SAFE
1896,93.861,12,23,11,1,1,3,120,70.5,2.585,STRONG_INCREASE,NN_ONLY_DEMO,23,1,0.088324,SAFE
1898,93.960,12,23,11,1,1,3,122,71.2,2.611,STRONG_INCREASE,NN_ONLY_DEMO,23,1,0.079028,SAFE
1900,94.059,12,23,11,1,1,3,124,71.5,2.622,STRONG_INCREASE,NN_ONLY_DEMO,23,1,0.092082,SAFE
1902,94.158,12,23,11,1,1,3,126,70.9,2.600,STRONG_INCREASE,NN_ONLY_DEMO,23,1,0.071638,SAFE
1904,94.257,12,24,12,1,1,3,128,70.5,2.820,STRONG_INCREASE,NN_ONLY_DEMO,24,1,0.080628,SAFE
1906,94.356,12,23,11,1,1,3,130,70.2,2.574,STRONG_INCREASE,NN_ONLY_DEMO,23,1,0.065788,SAFE
1908,94.455,11,24,13,1,1,3,132,69.8,3.025,LIKELY_INCREASE,NN_ONLY_DEMO,24,1,0.074735,SAFE
1910,94.554,11,24,13,1,1,3,134,68.4,2.964,LIKELY_INCREASE,NN_ONLY_DEMO,24,1,0.063854,SAFE
1912,94.653,10,24,14,1,1,3,136,67.5,3.150,LIKELY_INCREASE,NN_ONLY_DEMO,24,1,0.077748,SAFE
1914,94.752,9,25,16,1,1,3,138,67.5,3.600,LIKELY_INCREASE,NN_ONLY_DEMO,25,1,0.061979,SAFE
1916,94.851,9,26,17,1,1,3,140,67.4,3.819,LIKELY_INCREASE,NN_ONLY_DEMO,26,1,0.083736,SAFE
1918,94.950,9,25,16,1,1,3,142,67.7,3.611,LIKELY_INCREASE,NN_ONLY_DEMO,25,1,0.060599,SAFE
1920,95.050,9,25,16,1,1,3,144,67.3,3.589,LIKELY_INCREASE,NN_ONLY_DEMO,25,1,0.074369,SAFE
1922,95.149,10,25,15,1,1,3,146,67.6,3.380,LIKELY_INCREASE,NN_ONLY_DEMO,25,1,0.061900,SAFE
1924,95.248,10,24,14,1,1,3,148,68.1,3.178,LIKELY_INCREASE,NN_ONLY_DEMO,24,1,0.074692,SAFE
1926,95.347,10,25,15,1,1,3,150,68.6,3.430,LIKELY_INCREASE,NN_ONLY_DEMO,25,1,0.062062,SAFE
1928,95.446,10,25,15,1,1,3,152,69.4,3.470,LIKELY_INCREASE,NN_ONLY_DEMO,25,1,0.071203,SAFE
1930,95.545,10,25,15,1,1,3,154,70.2,3.510,STRONG_INCREASE,NN_ONLY_DEMO,25,1,0.069288,SAFE
1932,95.644,11,24,13,1,1,3,156,70.5,3.055,STRONG_INCREASE,NN_ONLY_DEMO,24,1,0.081515,SAFE
1934,95.743,11,24,13,1,1,3,158,70.5,3.055,STRONG_INCREASE,NN_ONLY_DEMO,24,1,0.065822,SAFE
1936,95.842,11,24,13,1,1,3,160,70.5,3.055,STRONG_INCREASE,NN_ONLY_DEMO,24,1,0.077762,SAFE
1938,95.941,11,24,13,1,1,3,162,71.1,3.081,STRONG_INCREASE,NN_ONLY_DEMO,24,1,0.064549,SAFE
1940,96.040,11,24,13,1,1,3,164,71.9,3.116,STRONG_INCREASE,NN_ONLY_DEMO,24,1,0.090759,SAFE
1942,96.139,11,24,13,1,1,3,166,71.8,3.111,STRONG_INCREASE,NN_ONLY_DEMO,24,1,0.094185,SAFE
1944,96.238,11,24,13,1,1,3,168,72.1,3.124,STRONG_INCREASE,NN_ONLY_DEMO,24,1,0.101306,SAFE
1946,96.337,10,24,14,1,1,3,170,71.9,3.355,STRONG_INCREASE,NN_ONLY_DEMO,24,1,0.090492,SAFE
1948,96.436,10,24,14,1,1,3,172,71.9,3.355,STRONG_INCREASE,NN_ONLY_DEMO,24,1,0.096798,SAFE
1950,96.535,10,24,14,1,1,3,174,73.0,3.407,STRONG_INCREASE,NN_ONLY_DEMO,24,1,0.091294,SAFE
1952,96.634,10,24,14,1,1,3,176,72.9,3.402,STRONG_INCREASE,NN_ONLY_DEMO,24,1,0.092395,SAFE
1954,96.733,10,24,14,1,1,3,178,72.9,3.402,STRONG_INCREASE,NN_ONLY_DEMO,24,1,0.093193,SAFE
1956,96.832,10,24,14,1,1,3,180,72.4,3.379,STRONG_INCREASE,NN_ONLY_DEMO,24,1,0.103891,SAFE
1958,96.931,10,24,14,1,1,3,182,72.4,3.379,STRONG_INCREASE,NN_ONLY_DEMO,24,1,0.094205,SAFE
1960,97.030,11,23,12,1,1,3,184,73.2,2.928,STRONG_INCREASE,NN_ONLY_DEMO,23,1,0.093656,SAFE
1962,97.129,11,23,12,1,1,3,186,73.6,2.944,STRONG_INCREASE,NN_ONLY_DEMO,23,1,0.093805,SAFE
1964,97.228,11,23,12,1,1,3,188,74.4,2.976,STRONG_INCREASE,NN_ONLY_DEMO,23,1,0.097871,SAFE
1966,97.327,11,23,12,1,1,3,190,74.9,2.996,STRONG_INCREASE,NN_ONLY_DEMO,23,1,0.147489,SAFE
1968,97.426,11,23,12,1,1,3,192,75.7,3.028,STRONG_INCREASE,NN_ONLY_DEMO,23,1,0.158707,SAFE
1970,97.525,11,22,11,1,1,3,194,76.6,2.809,STRONG_INCREASE,NN_ONLY_DEMO,22,1,0.143878,SAFE
1972,97.624,11,21,10,1,1,3,196,76.6,2.553,STRONG_INCREASE,NN_ONLY_DEMO,21,1,0.174320,SAFE
1974,97.723,11,21,10,1,1,3,198,74.7,2.490,STRONG_INCREASE,NN_ONLY_DEMO,21,1,0.094725,SAFE
1976,97.822,10,21,11,1,1,3,200,73.9,2.710,STRONG_INCREASE,NN_ONLY_DEMO,21,1,0.165909,SAFE
1978,97.921,10,22,12,1,1,3,202,73.5,2.940,STRONG_INCREASE,NN_ONLY_DEMO,22,1,0.180253,SAFE
1980,98.020,10,22,12,1,1,3,204,72.9,2.916,STRONG_INCREASE,NN_ONLY_DEMO,22,1,0.188205,SAFE
1982,98.119,10,21,11,1,1,3,206,72.6,2.662,STRONG_INCREASE,NN_ONLY_DEMO,21,1,0.102810,SAFE
1984,98.218,10,21,11,1,1,3,208,72.7,2.666,STRONG_INCREASE,NN_ONLY_DEMO,21,1,0.093743,SAFE
1986,98.317,10,22,12,1,1,3,210,72.8,2.912,STRONG_INCREASE,NN_ONLY_DEMO,22,1,0.088907,SAFE
1988,98.416,10,23,13,1,1,3,212,72.7,3.150,STRONG_INCREASE,NN_ONLY_DEMO,23,1,0.100454,SAFE
1990,98.515,10,24,14,1,1,3,214,72.9,3.402,STRONG_INCREASE,NN_ONLY_DEMO,24,1,0.094440,SAFE
1992,98.614,10,24,14,1,1,3,216,73.6,3.435,STRONG_INCREASE,NN_ONLY_DEMO,24,1,0.094690,SAFE
1994,98.713,10,24,14,1,1,3,218,73.8,3.444,STRONG_INCREASE,NN_ONLY_DEMO,24,1,0.089304,SAFE
1996,98.812,10,23,13,1,1,3,220,73.5,3.185,STRONG_INCREASE,NN_ONLY_DEMO,23,1,0.091368,SAFE
1998,98.911,10,24,14,1,1,3,222,73.5,3.430,STRONG_INCREASE,NN_ONLY_DEMO,24,1,0.114674,SAFE
2000,99.010,10,24,14,1,1,3,224,73.7,3.439,STRONG_INCREASE,NN_ONLY_DEMO,24,1,0.121333,SAFE
2002,99.109,10,24,14,1,1,3,226,73.3,3.421,STRONG_INCREASE,NN_ONLY_DEMO,24,1,0.260759,SAFE
2004,99.208,9,22,13,1,1,3,228,73.2,3.172,STRONG_INCREASE,NN_ONLY_DEMO,22,1,0.269358,SAFE
2006,99.307,9,21,12,1,1,3,230,73.6,2.944,STRONG_INCREASE,NN_ONLY_DEMO,21,1,0.262952,SAFE
2008,99.406,9,19,10,1,1,3,232,73.2,2.440,STRONG_INCREASE,NN_ONLY_DEMO,19,1,0.118527,SAFE
2010,99.505,10,19,9,1,1,3,234,72.8,2.184,STRONG_INCREASE,NN_ONLY_DEMO,19,1,0.113507,SAFE
2012,99.604,10,20,10,1,1,3,236,72.8,2.427,STRONG_INCREASE,NN_ONLY_DEMO,20,1,0.132427,SAFE
2014,99.703,10,22,12,1,1,3,238,73.3,2.932,STRONG_INCREASE,NN_ONLY_DEMO,22,1,0.260301,SAFE
2016,99.802,10,21,11,1,1,3,240,73.2,2.684,STRONG_INCREASE,NN_ONLY_DEMO,21,1,0.230701,SAFE
2018,99.901,10,20,10,1,1,3,242,72.7,2.423,STRONG_INCREASE,NN_ONLY_DEMO,20,1,0.081840,SAFE
2020,100.000,10,20,10,1,1,3,244,72.7,2.423,STRONG_INCREASE,NN_ONLY_DEMO,20,1,0.092736,SAFE
